Date,Consumption
01-07-2009,108637.2762
02-07-2009,108638.8474
03-07-2009,108633.8275
04-07-2009,109082.4222
05-07-2009,109071.758
06-07-2009,109071.758
07-07-2009,109373.0604
08-07-2009,109982.4894
09-07-2009,110118.0528
10-07-2009,110273.6161
11-07-2009,110438.7989
12-07-2009,110438.7989
13-07-2009,110438.7989
14-07-2009,110340.7991
15-07-2009,110420.2059
16-07-2009,109923.9532
17-07-2009,109903.7392
18-07-2009,109737.5018
19-07-2009,109737.5018
20-07-2009,109737.7123
21-07-2009,109618.6759
22-07-2009,109556.6182
23-07-2009,109505.1084
24-07-2009,109530.6607
25-07-2009,109528.8456
26-07-2009,109534.9851
27-07-2009,109536.0235
28-07-2009,109575.0334
29-07-2009,109516.3574
30-07-2009,109747.1531
31-07-2009,110043.5173
01-08-2009,110457.8569
02-08-2009,110464.1779
03-08-2009,110464.1779
04-08-2009,110464.2179
05-08-2009,110517.8262
06-08-2009,110843.3334
07-08-2009,110705.4238
08-08-2009,110431.8834
09-08-2009,110419.1158
10-08-2009,110421.3141
11-08-2009,110344.1681
12-08-2009,110406.1556
13-08-2009,110424.0001
14-08-2009,110490.9258
15-08-2009,110534.4655
16-08-2009,110534.4655
17-08-2009,110535.877
18-08-2009,110611.7252
19-08-2009,111028.8759
20-08-2009,111077.1456
21-08-2009,111242.0645
22-08-2009,111472.2132
23-08-2009,111483.0164
24-08-2009,111485.6813
25-08-2009,111693.6969
26-08-2009,111876.3132
27-08-2009,111885.0042
28-08-2009,113216.3694
29-08-2009,113257.4724
30-08-2009,113257.4724
31-08-2009,113262.6887
01-09-2009,115357.4941
02-09-2009,115541.8683
03-09-2009,114675.362
04-09-2009,114626.5142
05-09-2009,114696.3142
06-09-2009,114696.3142
07-09-2009,114696.3142
08-09-2009,114701.7868
09-09-2009,114893.2937
10-09-2009,114723.4223
11-09-2009,114674.3361
12-09-2009,114580.3667
13-09-2009,114580.3667
14-09-2009,114581.0816
15-09-2009,114468.8253
16-09-2009,114303.7491
17-09-2009,114156.3788
18-09-2009,112775.6858
19-09-2009,112708.0339
20-09-2009,112708.0339
21-09-2009,112708.235
22-09-2009,112336.8823
23-09-2009,111794.5856
24-09-2009,111043.7319
25-09-2009,109369.1345
26-09-2009,109062.3736
27-09-2009,109061.9084
28-09-2009,109057.5818
29-09-2009,108610.649
30-09-2009,108109.7704
01-10-2009,105624.0098
02-10-2009,105106.3596
03-10-2009,103796.2359
04-10-2009,103790.0201
05-10-2009,103780.477
06-10-2009,103043.9932
07-10-2009,102585.8622
08-10-2009,102102.9974
09-10-2009,101636.6708
10-10-2009,101375.2808
11-10-2009,101359.4941
12-10-2009,101359.691
13-10-2009,101318.8342
14-10-2009,101080.1644
15-10-2009,101137.0306
16-10-2009,100734.9815
17-10-2009,100385.0282
18-10-2009,100387.3929
19-10-2009,100384.5747
20-10-2009,99784.82353
21-10-2009,99453.78835
22-10-2009,99323.4109
23-10-2009,99035.83048
24-10-2009,99003.50814
25-10-2009,98985.71402
26-10-2009,98985.24435
27-10-2009,99109.81386
28-10-2009,99110.38987
29-10-2009,99002.96114
30-10-2009,98934.80723
31-10-2009,98883.30072
01-11-2009,98877.24612
02-11-2009,98878.66031
03-11-2009,98665.62535
04-11-2009,98546.5601
05-11-2009,98442.7466
06-11-2009,98076.81342
07-11-2009,98030.60435
08-11-2009,98030.22536
09-11-2009,98036.19105
10-11-2009,97961.5017
11-11-2009,97994.81209
12-11-2009,97928.45874
13-11-2009,98001.74963
14-11-2009,97823.88145
15-11-2009,97824.98739
16-11-2009,97824.43092
17-11-2009,97801.7278
18-11-2009,97900.33332
19-11-2009,97939.93682
20-11-2009,97819.43005
21-11-2009,97860.04733
22-11-2009,97856.18416
23-11-2009,97856.26947
24-11-2009,97842.69237
25-11-2009,97885.05492
26-11-2009,97883.19887
27-11-2009,97707.32635
28-11-2009,97592.36224
29-11-2009,97593.31893
30-11-2009,97590.9824
01-12-2009,97394.35246
02-12-2009,97279.89053
03-12-2009,97258.56697
04-12-2009,97090.82196
05-12-2009,97085.62986
06-12-2009,97073.0651
07-12-2009,97073.83985
08-12-2009,98130.92858
09-12-2009,98211.08985
10-12-2009,98083.86201
11-12-2009,98057.04147
12-12-2009,98092.08209
13-12-2009,98096.99738
14-12-2009,98095.14622
15-12-2009,98072.10805
16-12-2009,97541.53644
17-12-2009,97224.38903
18-12-2009,97111.4704
19-12-2009,97024.95279
20-12-2009,97055.38056
21-12-2009,97040.98593
22-12-2009,97023.87981
23-12-2009,96568.05749
24-12-2009,96252.83687
25-12-2009,96167.05412
26-12-2009,96167.55629
27-12-2009,96164.90289
28-12-2009,96164.47859
29-12-2009,96160.71136
30-12-2009,96210.30202
31-12-2009,96539.62596
01-01-2010,96770.27722
02-01-2010,96774.13392
03-01-2010,96761.43226
04-01-2010,96763.94346
05-01-2010,97163.22563
06-01-2010,96127.47034
07-01-2010,95991.90354
08-01-2010,96039.57822
09-01-2010,96094.28039
10-01-2010,96063.59705
11-01-2010,96059.45636
12-01-2010,96026.42365
13-01-2010,96038.0288
14-01-2010,96178.62419
15-01-2010,96228.08203
16-01-2010,96449.88678
17-01-2010,96449.78976
18-01-2010,96444.65641
19-01-2010,96866.01604
20-01-2010,96850.40967
21-01-2010,96849.24466
22-01-2010,96874.71799
23-01-2010,96772.35977
24-01-2010,96769.04502
25-01-2010,96768.12583
26-01-2010,96851.83671
27-01-2010,96965.5756
28-01-2010,96875.33254
29-01-2010,96685.67257
30-01-2010,96620.69849
31-01-2010,96631.2518
01-02-2010,96607.04035
02-02-2010,96524.95556
03-02-2010,96512.24867
04-02-2010,96747.40547
05-02-2010,96626.35108
06-02-2010,96697.80825
07-02-2010,96691.20792
08-02-2010,96693.15929
09-02-2010,96724.24612
10-02-2010,96662.07245
11-02-2010,96604.17588
12-02-2010,96531.42951
13-02-2010,96516.91698
14-02-2010,96477.98429
15-02-2010,96476.88522
16-02-2010,96459.45865
17-02-2010,96464.56113
18-02-2010,96059.11408
19-02-2010,96102.03057
20-02-2010,96026.39514
21-02-2010,96017.42318
22-02-2010,96016.92071
23-02-2010,95891.83172
24-02-2010,95708.33652
25-02-2010,95562.55803
26-02-2010,95559.53683
27-02-2010,95500.11908
28-02-2010,95471.12548
01-03-2010,95463.9607
02-03-2010,95470.331
03-03-2010,95563.0903
04-03-2010,95458.10703
05-03-2010,95720.62944
06-03-2010,95758.61211
07-03-2010,95742.63162
08-03-2010,95743.0489
09-03-2010,95782.39853
10-03-2010,95787.0414
11-03-2010,95665.65475
12-03-2010,95655.43339
13-03-2010,95649.03495
14-03-2010,95651.96788
15-03-2010,95648.75405
16-03-2010,95950.00722
17-03-2010,96045.63114
18-03-2010,96062.3543
19-03-2010,96494.07136
20-03-2010,96590.12566
21-03-2010,96566.78028
22-03-2010,96564.64246
23-03-2010,96605.90811
24-03-2010,96579.36614
25-03-2010,96615.38846
26-03-2010,96728.10055
27-03-2010,96797.7836
28-03-2010,96806.24976
29-03-2010,96810.38492
30-03-2010,96846.77884
31-03-2010,97140.05201
01-04-2010,97291.0685
02-04-2010,97616.0373
03-04-2010,97620.01023
04-04-2010,97620.15062
05-04-2010,97624.42472
06-04-2010,97826.58186
07-04-2010,97127.29621
08-04-2010,97391.26557
09-04-2010,97500.21279
10-04-2010,97787.59283
11-04-2010,97791.19996
12-04-2010,97790.09304
13-04-2010,97917.9576
14-04-2010,97990.59788
15-04-2010,98172.68151
16-04-2010,98203.52411
17-04-2010,98464.29019
18-04-2010,98492.58143
19-04-2010,98497.78076
20-04-2010,98858.72675
21-04-2010,99088.16946
22-04-2010,99258.40065
23-04-2010,99286.38506
24-04-2010,99660.79883
25-04-2010,99564.5811
26-04-2010,99566.29829
27-04-2010,99939.69878
28-04-2010,100094.5226
29-04-2010,100292.8918
30-04-2010,100754.544
01-05-2010,100449.35
02-05-2010,100452.8883
03-05-2010,100460.4317
04-05-2010,101901.4895
05-05-2010,102417.4644
06-05-2010,103155.6164
07-05-2010,103266.2108
08-05-2010,103583.5679
09-05-2010,103590.0966
10-05-2010,103593.2031
11-05-2010,103858.151
12-05-2010,103970.848
13-05-2010,104234.1108
14-05-2010,104412.1039
15-05-2010,104692.3755
16-05-2010,104701.3049
17-05-2010,104708.4106
18-05-2010,105028.3778
19-05-2010,106466.5668
20-05-2010,107122.2246
21-05-2010,107513.1256
22-05-2010,108138.0033
23-05-2010,108173.3341
24-05-2010,108173.8239
25-05-2010,108191.3281
26-05-2010,108690.833
27-05-2010,109732.3901
28-05-2010,109873.1541
29-05-2010,110105.2523
30-05-2010,110086.0162
31-05-2010,110086.3446
01-06-2010,110191.061
02-06-2010,110269.1184
03-06-2010,111085.4309
04-06-2010,111391.986
05-06-2010,112201.8247
06-06-2010,112276.1148
07-06-2010,112272.7693
08-06-2010,112796.5703
09-06-2010,113185.6726
10-06-2010,113358.2514
11-06-2010,113650.1422
12-06-2010,114122.4611
13-06-2010,114145.0663
14-06-2010,114154.2601
15-06-2010,114506.6595
16-06-2010,115030.3605
17-06-2010,115545.0116
18-06-2010,115677.724
19-06-2010,115796.1159
20-06-2010,115789.8106
21-06-2010,115792.7928
22-06-2010,115985.779
23-06-2010,115814.9535
24-06-2010,116135.5459
25-06-2010,116281.0842
26-06-2010,116509.4479
27-06-2010,116559.3266
28-06-2010,116562.4753
29-06-2010,116715.6085
30-06-2010,117783.9105
01-07-2010,118142.7036
02-07-2010,118147.0845
03-07-2010,118631.2548
04-07-2010,118624.3134
05-07-2010,118626.5642
06-07-2010,118500.3762
07-07-2010,118894.3864
08-07-2010,119029.2282
09-07-2010,119725.0927
10-07-2010,119699.313
11-07-2010,119592.2397
12-07-2010,119584.0551
13-07-2010,119404.3717
14-07-2010,119426.4071
15-07-2010,119355.8589
16-07-2010,119272.2467
17-07-2010,119701.5624
18-07-2010,119738.6201
19-07-2010,119717.6588
20-07-2010,119668.9277
21-07-2010,119614.3802
22-07-2010,119850.4441
23-07-2010,119780.6115
24-07-2010,119721.381
25-07-2010,120009.9105
26-07-2010,120009.2325
27-07-2010,120151.7103
28-07-2010,120368.7002
29-07-2010,119612.6531
30-07-2010,119605.4925
31-07-2010,119675.5625
01-08-2010,119717.0134
02-08-2010,119717.0292
03-08-2010,119717.6732
04-08-2010,120058.1862
05-08-2010,121403.8775
06-08-2010,121725.0108
07-08-2010,120396.4776
08-08-2010,120411.7895
09-08-2010,120420.9295
10-08-2010,120647.5285
11-08-2010,121194.1528
12-08-2010,121314.753
13-08-2010,121228.9212
14-08-2010,121006.1078
15-08-2010,121011.1368
16-08-2010,121000.6699
17-08-2010,120888.7738
18-08-2010,120829.4676
19-08-2010,121065.3967
20-08-2010,120698.6733
21-08-2010,119636.0044
22-08-2010,119634.9744
23-08-2010,119634.2426
24-08-2010,119344.5406
25-08-2010,119213.2579
26-08-2010,118553.5782
27-08-2010,118679.143
28-08-2010,119244.8998
29-08-2010,119244.5855
30-08-2010,119243.3146
31-08-2010,118900.925
01-09-2010,118778.8491
02-09-2010,117515.4932
03-09-2010,115995.1033
04-09-2010,114831.9954
05-09-2010,114818.2867
06-09-2010,114806.4257
07-09-2010,114798.4726
08-09-2010,114098.3645
09-09-2010,114363.6638
10-09-2010,113394.0021
11-09-2010,113086.142
12-09-2010,113032.6154
13-09-2010,112992.2556
14-09-2010,112178.0182
15-09-2010,111819.5255
16-09-2010,111310.8657
17-09-2010,111080.6671
18-09-2010,110640.2195
19-09-2010,110636.0593
20-09-2010,110630.8678
21-09-2010,110274.9755
22-09-2010,109885.0112
23-09-2010,109388.6947
24-09-2010,108612.9859
25-09-2010,107880.1208
26-09-2010,106962.5826
27-09-2010,106950.0618
28-09-2010,106665.1892
29-09-2010,105993.4904
30-09-2010,105413.7741
01-10-2010,104717.296
02-10-2010,103974.989
03-10-2010,103976.0058
04-10-2010,103980.0843
05-10-2010,103194.478
06-10-2010,102621.891
07-10-2010,102434.0358
08-10-2010,102045.142
09-10-2010,101786.3541
10-10-2010,101772.4342
11-10-2010,101776.3308
12-10-2010,101772.8196
13-10-2010,101619.9115
14-10-2010,101376.9848
15-10-2010,101050.985
16-10-2010,100963.0753
17-10-2010,100959.7748
18-10-2010,100958.1812
19-10-2010,100528.1244
20-10-2010,100342.3072
21-10-2010,99982.56441
22-10-2010,99494.96052
23-10-2010,99241.08839
24-10-2010,99219.6007
25-10-2010,99223.09488
26-10-2010,99069.63324
27-10-2010,99313.02121
28-10-2010,99410.76706
29-10-2010,99327.01721
30-10-2010,99175.59052
31-10-2010,99176.04721
01-11-2010,99176.85839
02-11-2010,99002.1717
03-11-2010,98636.32203
04-11-2010,98476.69497
05-11-2010,98774.0824
06-11-2010,98502.98993
07-11-2010,98502.36335
08-11-2010,98501.71126
09-11-2010,98447.81693
10-11-2010,98373.82126
11-11-2010,98277.25708
12-11-2010,98210.15541
13-11-2010,97832.52634
14-11-2010,97835.81699
15-11-2010,97839.12871
16-11-2010,97823.26301
17-11-2010,97729.17768
18-11-2010,97508.60044
19-11-2010,97116.64381
20-11-2010,97034.64402
21-11-2010,97032.90827
22-11-2010,97031.49708
23-11-2010,96907.97257
24-11-2010,96731.98008
25-11-2010,96586.16567
26-11-2010,96307.94521
27-11-2010,96635.85275
28-11-2010,96611.56123
29-11-2010,96617.88152
30-11-2010,96320.85609
01-12-2010,95874.1667
02-12-2010,95349.61946
03-12-2010,95089.67355
04-12-2010,95001.72602
05-12-2010,95005.5231
06-12-2010,95002.72255
07-12-2010,94976.16965
08-12-2010,94980.02015
09-12-2010,95043.64528
10-12-2010,95257.10646
11-12-2010,95038.37369
12-12-2010,95042.52292
13-12-2010,95046.34761
14-12-2010,94994.91003
15-12-2010,94921.30078
16-12-2010,94842.7422
17-12-2010,94628.08227
18-12-2010,93957.22518
19-12-2010,93959.15638
20-12-2010,93960.53587
21-12-2010,93959.93991
22-12-2010,93923.43935
23-12-2010,93874.58435
24-12-2010,93545.3153
25-12-2010,93255.4936
26-12-2010,93251.14644
27-12-2010,93251.77131
28-12-2010,93250.45901
29-12-2010,93251.90761
30-12-2010,93219.97644
31-12-2010,93285.25411
01-01-2011,93482.11282
02-01-2011,93482.73302
03-01-2011,93482.93704
04-01-2011,93483.36737
05-01-2011,93592.58897
06-01-2011,93865.27396
07-01-2011,93360.21583
08-01-2011,93327.86945
09-01-2011,93307.85277
10-01-2011,93309.59943
11-01-2011,93346.78278
12-01-2011,93354.70259
13-01-2011,93424.48855
14-01-2011,93479.63693
15-01-2011,93690.56095
16-01-2011,93682.60513
17-01-2011,93680.87036
18-01-2011,93757.73787
19-01-2011,93811.421
20-01-2011,93936.8304
21-01-2011,94329.40979
22-01-2011,94326.92436
23-01-2011,94325.80691
24-01-2011,94327.05756
25-01-2011,94206.06689
26-01-2011,94201.64911
27-01-2011,94882.91289
28-01-2011,95076.87038
29-01-2011,95022.18466
30-01-2011,95016.1608
31-01-2011,95001.77659
01-02-2011,94957.09469
02-02-2011,94827.4529
03-02-2011,94695.83019
04-02-2011,94629.75379
05-02-2011,93957.80365
06-02-2011,93961.01368
07-02-2011,93961.64588
08-02-2011,93912.63832
09-02-2011,93818.29869
10-02-2011,93739.00629
11-02-2011,93680.02958
12-02-2011,93691.94597
13-02-2011,93691.55484
14-02-2011,93691.84109
15-02-2011,93561.4639
16-02-2011,93500.64418
17-02-2011,93537.47447
18-02-2011,93469.0474
19-02-2011,93463.20187
20-02-2011,93456.89501
21-02-2011,93440.03449
22-02-2011,93428.28895
23-02-2011,93757.13409
24-02-2011,93658.64208
25-02-2011,93431.24493
26-02-2011,93287.28763
27-02-2011,93294.57138
28-02-2011,93293.46665
01-03-2011,93239.57475
02-03-2011,93186.32278
03-03-2011,93157.56045
04-03-2011,93168.13729
05-03-2011,93273.5269
06-03-2011,93274.94974
07-03-2011,93272.83096
08-03-2011,93373.90372
09-03-2011,93324.34657
10-03-2011,93340.45325
11-03-2011,93283.66017
12-03-2011,93324.02738
13-03-2011,93329.21871
14-03-2011,93331.06915
15-03-2011,93335.09958
16-03-2011,93297.35332
17-03-2011,92928.30459
18-03-2011,93026.89141
19-03-2011,93244.77304
20-03-2011,93268.87939
21-03-2011,93272.80135
22-03-2011,93807.29824
23-03-2011,93905.52438
24-03-2011,93971.66105
25-03-2011,94044.10272
26-03-2011,93832.40279
27-03-2011,93827.458
28-03-2011,93829.87101
29-03-2011,94370.8536
30-03-2011,94448.05637
31-03-2011,94653.60378
01-04-2011,94748.70053
02-04-2011,94650.25923
03-04-2011,94647.05961
04-04-2011,94644.21383
05-04-2011,94527.56458
06-04-2011,94608.88811
07-04-2011,94605.41406
08-04-2011,94709.64649
09-04-2011,94822.52668
10-04-2011,94826.39937
11-04-2011,94831.50097
12-04-2011,94956.80254
13-04-2011,94960.29664
14-04-2011,95020.92896
15-04-2011,95381.18898
16-04-2011,95365.0207
17-04-2011,95368.30625
18-04-2011,95368.6527
19-04-2011,95246.49381
20-04-2011,95418.57928
21-04-2011,95500.45016
22-04-2011,95620.22583
23-04-2011,95623.12664
24-04-2011,95621.72339
25-04-2011,95622.78149
26-04-2011,95776.68109
27-04-2011,95111.03163
28-04-2011,95152.69532
29-04-2011,95297.22483
30-04-2011,95004.45704
01-05-2011,95121.7966
02-05-2011,95124.0956
03-05-2011,95240.8939
04-05-2011,95294.80199
05-05-2011,95453.05242
06-05-2011,95685.73433
07-05-2011,96025.34451
08-05-2011,96031.71383
09-05-2011,96034.65076
10-05-2011,96304.7459
11-05-2011,96689.37582
12-05-2011,96912.34888
13-05-2011,97294.16271
14-05-2011,97534.78111
15-05-2011,97554.97737
16-05-2011,97558.96237
17-05-2011,97955.51429
18-05-2011,98173.73868
19-05-2011,98390.97251
20-05-2011,99147.07421
21-05-2011,99536.54374
22-05-2011,99563.87224
23-05-2011,99563.03712
24-05-2011,99565.64933
25-05-2011,100056.8446
26-05-2011,100802.8466
27-05-2011,101189.9369
28-05-2011,101616.0258
29-05-2011,101656.7628
30-05-2011,101664.5908
31-05-2011,102049.6989
01-06-2011,102764.4457
02-06-2011,103334.8563
03-06-2011,104596.2871
04-06-2011,105267.1479
05-06-2011,105331.45
06-06-2011,105331.9624
07-06-2011,107421.8398
08-06-2011,107794.6956
09-06-2011,108042.8163
10-06-2011,108365.8096
11-06-2011,108928.4985
12-06-2011,108954.7966
13-06-2011,108953.2407
14-06-2011,109400.187
15-06-2011,109844.6431
16-06-2011,110254.4111
17-06-2011,111036.86
18-06-2011,111520.4881
19-06-2011,111525.8501
20-06-2011,111533.2855
21-06-2011,111867.5832
22-06-2011,113134.4758
23-06-2011,113424.4606
24-06-2011,113559.2247
25-06-2011,114360.6527
26-06-2011,114497.0793
27-06-2011,114498.3641
28-06-2011,115530.8409
29-06-2011,116759.7585
30-06-2011,120039.8024
01-07-2011,120940.1126
02-07-2011,120962.2971
03-07-2011,121563.2712
04-07-2011,121564.1054
05-07-2011,123131.8622
06-07-2011,124462.0697
07-07-2011,126135.9542
08-07-2011,127064.6259
09-07-2011,127892.9967
10-07-2011,127910.5407
11-07-2011,127915.577
12-07-2011,128437.1911
13-07-2011,128914.697
14-07-2011,128904.7008
15-07-2011,129007.9128
16-07-2011,129553.4505
17-07-2011,129550.3504
18-07-2011,129541.9663
19-07-2011,129888.2299
20-07-2011,129757.3521
21-07-2011,129634.3424
22-07-2011,129363.388
23-07-2011,128724.379
24-07-2011,128601.8437
25-07-2011,128589.0717
26-07-2011,127854.4568
27-07-2011,127055.7749
28-07-2011,126137.6298
29-07-2011,125184.7838
30-07-2011,123738.7722
31-07-2011,123723.2451
01-08-2011,123721.1389
02-08-2011,123720.4352
03-08-2011,122760.7044
04-08-2011,121690.8823
05-08-2011,120757.3289
06-08-2011,120142.891
07-08-2011,120020.0878
08-08-2011,119999.3146
09-08-2011,119219.8881
10-08-2011,118509.0077
11-08-2011,117985.6101
12-08-2011,117071.1531
13-08-2011,116838.4246
14-08-2011,116813.7901
15-08-2011,116809.2508
16-08-2011,116437.5716
17-08-2011,115843.7032
18-08-2011,115498.6331
19-08-2011,115072.466
20-08-2011,114591.8322
21-08-2011,114573.8331
22-08-2011,114573.905
23-08-2011,114144.1737
24-08-2011,113614.8658
25-08-2011,112931.6215
26-08-2011,113003.0399
27-08-2011,112502.4485
28-08-2011,112496.9876
29-08-2011,112494.9057
30-08-2011,112226.8534
31-08-2011,111961.3313
01-09-2011,109690.6311
02-09-2011,108910.3541
03-09-2011,108810.147
04-09-2011,108806.2489
05-09-2011,108807.1774
06-09-2011,108796.7489
07-09-2011,106621.8172
08-09-2011,105924.5817
09-09-2011,105672.7065
10-09-2011,105183.1947
11-09-2011,105166.7843
12-09-2011,105168.2154
13-09-2011,105208.4939
14-09-2011,104959.6943
15-09-2011,104497.2603
16-09-2011,104012.6724
17-09-2011,103887.8534
18-09-2011,103889.0868
19-09-2011,103892.8034
20-09-2011,103769.1824
21-09-2011,102767.5074
22-09-2011,102220.0244
23-09-2011,101924.0082
24-09-2011,101501.8606
25-09-2011,101501.0821
26-09-2011,101502.3233
27-09-2011,101411.1605
28-09-2011,100893.5611
29-09-2011,100616.0131
30-09-2011,100422.459
01-10-2011,100391.339
02-10-2011,100086.2183
03-10-2011,100088.1928
04-10-2011,99678.3372
05-10-2011,99220.9043
06-10-2011,98669.29095
07-10-2011,98501.77849
08-10-2011,98092.41532
09-10-2011,98074.78982
10-10-2011,98075.72633
11-10-2011,98078.59929
12-10-2011,97923.43627
13-10-2011,97698.25472
14-10-2011,97523.69422
15-10-2011,97385.00439
16-10-2011,97392.8947
17-10-2011,97392.44205
18-10-2011,97174.9272
19-10-2011,96864.47661
20-10-2011,96740.52411
21-10-2011,96349.06732
22-10-2011,96155.57064
23-10-2011,96161.09982
24-10-2011,96161.57871
25-10-2011,96035.38344
26-10-2011,95990.62257
27-10-2011,95853.24186
28-10-2011,95743.06329
29-10-2011,95714.54642
30-10-2011,95717.41318
31-10-2011,95716.97579
01-11-2011,95610.93975
02-11-2011,95406.60328
03-11-2011,95165.11266
04-11-2011,95073.97071
05-11-2011,95026.39282
06-11-2011,95024.68225
07-11-2011,95038.86775
08-11-2011,94749.35717
09-11-2011,94692.1818
10-11-2011,94684.8118
11-11-2011,94638.60997
12-11-2011,94671.98526
13-11-2011,94676.57373
14-11-2011,94724.13745
15-11-2011,94491.88769
16-11-2011,94418.48636
17-11-2011,94150.78238
18-11-2011,94054.96801
19-11-2011,94046.85523
20-11-2011,94047.91911
21-11-2011,94046.91328
22-11-2011,93973.07583
23-11-2011,93923.1818
24-11-2011,93588.46468
25-11-2011,93672.86933
26-11-2011,93360.12812
27-11-2011,93360.12812
28-11-2011,93363.68306
29-11-2011,93283.09831
30-11-2011,93122.69898
01-12-2011,93356.90546
02-12-2011,93098.82484
03-12-2011,92998.93022
04-12-2011,93000.7642
05-12-2011,93001.82211
06-12-2011,92543.78301
07-12-2011,92217.92149
08-12-2011,92208.59448
09-12-2011,92141.80298
10-12-2011,92097.03201
11-12-2011,92099.3776
12-12-2011,92100.97817
13-12-2011,92049.85339
14-12-2011,92048.26278
15-12-2011,91716.60798
16-12-2011,91681.82509
17-12-2011,91574.99086
18-12-2011,91578.65992
19-12-2011,91577.61665
20-12-2011,91352.10042
21-12-2011,91375.13479
22-12-2011,91406.26258
23-12-2011,91314.10448
24-12-2011,91052.70215
25-12-2011,91054.42995
26-12-2011,91054.30459
27-12-2011,91054.54493
28-12-2011,91055.93463
29-12-2011,91052.88969
30-12-2011,91019.30103
31-12-2011,91256.38626
01-01-2012,91259.34019
02-01-2012,91260.84293
03-01-2012,91259.96716
04-01-2012,91364.42334
05-01-2012,91577.62226
06-01-2012,91689.258
07-01-2012,91869.74454
08-01-2012,91870.79161
09-01-2012,91873.15794
10-01-2012,91806.94409
11-01-2012,91778.48234
12-01-2012,91918.63839
13-01-2012,91873.21388
14-01-2012,91892.01316
15-01-2012,91893.77339
16-01-2012,91893.41509
17-01-2012,91890.5461
18-01-2012,92051.57577
19-01-2012,92048.36856
20-01-2012,92320.12243
21-01-2012,92422.49077
22-01-2012,92404.86306
23-01-2012,92408.15144
24-01-2012,92316.49025
25-01-2012,92277.71715
26-01-2012,92209.1276
27-01-2012,92263.39816
28-01-2012,92157.95877
29-01-2012,92165.44005
30-01-2012,92165.4786
31-01-2012,92075.20161
01-02-2012,91779.06165
02-02-2012,91579.23217
03-02-2012,91396.2191
04-02-2012,91335.70957
05-02-2012,91343.5422
06-02-2012,91344.26134
07-02-2012,91232.49395
08-02-2012,91200.6347
09-02-2012,91561.7795
10-02-2012,91564.13095
11-02-2012,91599.83413
12-02-2012,91600.25112
13-02-2012,91601.50609
14-02-2012,91542.47339
15-02-2012,91495.50006
16-02-2012,91382.46338
17-02-2012,91346.86652
18-02-2012,91133.67392
19-02-2012,91142.81249
20-02-2012,91142.93864
21-02-2012,91133.97017
22-02-2012,91152.90652
23-02-2012,91176.05019
24-02-2012,91115.94366
25-02-2012,91060.02579
26-02-2012,91057.19928
27-02-2012,91059.37728
28-02-2012,90876.88377
29-02-2012,90850.27962
01-03-2012,90848.62386
02-03-2012,90845.3493
03-03-2012,90856.7054
04-03-2012,90809.92313
05-03-2012,90820.74468
06-03-2012,90719.8663
07-03-2012,90832.95179
08-03-2012,90855.20446
09-03-2012,90857.26815
10-03-2012,90811.7588
11-03-2012,90820.3989
12-03-2012,90838.01342
13-03-2012,90951.78472
14-03-2012,91074.02691
15-03-2012,91227.33521
16-03-2012,91281.14407
17-03-2012,91317.88447
18-03-2012,91321.83547
19-03-2012,91324.89472
20-03-2012,91806.54232
21-03-2012,91887.38296
22-03-2012,92039.81477
23-03-2012,92051.83789
24-03-2012,92135.43485
25-03-2012,92138.0961
26-03-2012,92140.64845
27-03-2012,92151.49038
28-03-2012,92139.22156
29-03-2012,92330.18982
30-03-2012,92403.53496
31-03-2012,92616.39754
01-04-2012,92867.64222
02-04-2012,92869.18951
03-04-2012,92846.21313
04-04-2012,93309.57898
05-04-2012,93222.54169
06-04-2012,93535.21372
07-04-2012,93542.09756
08-04-2012,93570.55105
09-04-2012,93570.75138
10-04-2012,93718.11823
11-04-2012,93896.51238
12-04-2012,93532.99497
13-04-2012,93607.07328
14-04-2012,93669.53519
15-04-2012,93672.65796
16-04-2012,93690.96861
17-04-2012,93801.45674
18-04-2012,93981.39212
19-04-2012,94299.1047
20-04-2012,94562.32975
21-04-2012,94696.53788
22-04-2012,94805.10755
23-04-2012,94807.59683
24-04-2012,94886.2322
25-04-2012,95199.62993
26-04-2012,95804.19174
27-04-2012,96456.37829
28-04-2012,96801.63924
29-04-2012,97119.78097
30-04-2012,97126.53054
01-05-2012,97469.90487
02-05-2012,97891.8336
03-05-2012,99032.39566
04-05-2012,99771.16528
05-05-2012,100388.3051
06-05-2012,100697.6772
07-05-2012,100706.7059
08-05-2012,101472.8165
09-05-2012,102327.2395
10-05-2012,103160.8008
11-05-2012,103652.391
12-05-2012,104232.2962
13-05-2012,104236.4815
14-05-2012,104241.8489
15-05-2012,104655.6845
16-05-2012,105076.9805
17-05-2012,105910.761
18-05-2012,106127.0794
19-05-2012,106198.0588
20-05-2012,106201.9456
21-05-2012,106203.3505
22-05-2012,106208.1
23-05-2012,106715.2052
24-05-2012,106988.9151
25-05-2012,107410.6429
26-05-2012,107747.0155
27-05-2012,107748.7789
28-05-2012,107744.345
29-05-2012,107925.0808
30-05-2012,108134.7655
31-05-2012,108226.0339
01-06-2012,108768.9876
02-06-2012,109429.0217
03-06-2012,109428.1121
04-06-2012,109432.6708
05-06-2012,109938.664
06-06-2012,110587.1302
07-06-2012,111179.6912
08-06-2012,111582.3232
09-06-2012,112061.6593
10-06-2012,112064.1066
11-06-2012,112068.7449
12-06-2012,112499.9127
13-06-2012,112907.5413
14-06-2012,113484.724
15-06-2012,113718.8785
16-06-2012,113899.6147
17-06-2012,113904.3556
18-06-2012,113908.4938
19-06-2012,114441.4827
20-06-2012,114997.3811
21-06-2012,116137.8875
22-06-2012,116576.3313
23-06-2012,117036.7954
24-06-2012,117110.1549
25-06-2012,117111.2977
26-06-2012,117517.5525
27-06-2012,118639.0751
28-06-2012,119467.2051
29-06-2012,120366.5511
30-06-2012,121513.3857
01-07-2012,121627.5111
02-07-2012,121628.2132
03-07-2012,121628.6322
04-07-2012,122095.0492
05-07-2012,122920.7985
06-07-2012,123686.1348
07-07-2012,124025.8567
08-07-2012,124029.9217
09-07-2012,124030.3217
10-07-2012,124305.1548
11-07-2012,124445.8137
12-07-2012,124482.7257
13-07-2012,124404.5071
14-07-2012,124168.7877
15-07-2012,124161.9207
16-07-2012,124156.2079
17-07-2012,124268.3268
18-07-2012,124112.2326
19-07-2012,123950.1574
20-07-2012,123812.3409
21-07-2012,123563.8689
22-07-2012,123489.9045
23-07-2012,123487.4608
24-07-2012,122985.6385
25-07-2012,122272.7326
26-07-2012,121586.9298
27-07-2012,120860.1657
28-07-2012,120227.5016
29-07-2012,120221.9788
30-07-2012,120221.291
31-07-2012,119383.7058
01-08-2012,118540.422
02-08-2012,117873.8199
03-08-2012,117449.5685
04-08-2012,117085.9542
05-08-2012,116983.7842
06-08-2012,116979.795
07-08-2012,116975.0566
08-08-2012,116272.373
09-08-2012,115647.4083
10-08-2012,115329.8751
11-08-2012,114841.342
12-08-2012,114824.5737
13-08-2012,114823.7922
14-08-2012,114593.9145
15-08-2012,114479.9537
16-08-2012,114181.0712
17-08-2012,113990.5007
18-08-2012,113796.2915
19-08-2012,113793.955
20-08-2012,113797.8915
21-08-2012,113742.1424
22-08-2012,113375.5522
23-08-2012,113235.8786
24-08-2012,113065.3194
25-08-2012,113247.0522
26-08-2012,113226.2844
27-08-2012,113225.6187
28-08-2012,113116.9217
29-08-2012,112879.6303
30-08-2012,112647.0273
31-08-2012,112387.1811
01-09-2012,112159.9696
02-09-2012,112085.4516
03-09-2012,112082.4689
04-09-2012,112083.2866
05-09-2012,111866.7595
06-09-2012,111460.0165
07-09-2012,111021.2923
08-09-2012,109921.3297
09-09-2012,109885.493
10-09-2012,109885.0302
11-09-2012,109277.4152
12-09-2012,108637.8744
13-09-2012,108258.6342
14-09-2012,107685.3463
15-09-2012,107456.3605
16-09-2012,107447.9146
17-09-2012,107447.1441
18-09-2012,106979.4091
19-09-2012,106931.1542
20-09-2012,105888.9744
21-09-2012,105380.2051
22-09-2012,105110.5057
23-09-2012,105106.4163
24-09-2012,105106.7241
25-09-2012,104296.1329
26-09-2012,103288.1536
27-09-2012,102446.0819
28-09-2012,101762.8341
29-09-2012,100365.691
30-09-2012,100365.5097
01-10-2012,100364.2185
02-10-2012,99933.80994
03-10-2012,99206.62834
04-10-2012,98321.81571
05-10-2012,97926.32843
06-10-2012,97624.02236
07-10-2012,97615.64244
08-10-2012,97611.30725
09-10-2012,97611.64358
10-10-2012,97313.83013
11-10-2012,97067.83691
12-10-2012,96884.70816
13-10-2012,96702.45309
14-10-2012,96703.86939
15-10-2012,96702.49565
16-10-2012,96450.04824
17-10-2012,96267.35597
18-10-2012,96008.17421
19-10-2012,94962.85659
20-10-2012,94595.94147
21-10-2012,94597.66818
22-10-2012,94598.21053
23-10-2012,94429.26902
24-10-2012,94226.39034
25-10-2012,94220.92986
26-10-2012,94003.69777
27-10-2012,93815.5644
28-10-2012,93780.02821
29-10-2012,93778.59076
30-10-2012,93762.59136
31-10-2012,93627.81039
01-11-2012,93140.14765
02-11-2012,93075.81106
03-11-2012,92937.56542
04-11-2012,92935.49914
05-11-2012,92935.81075
06-11-2012,92948.66424
07-11-2012,92857.15632
08-11-2012,92650.92788
09-11-2012,92559.03101
10-11-2012,92442.9957
11-11-2012,92442.4741
12-11-2012,92442.53887
13-11-2012,92422.94706
14-11-2012,92217.44294
15-11-2012,92199.63509
16-11-2012,92177.66785
17-11-2012,91967.82163
18-11-2012,91966.54868
19-11-2012,91966.74842
20-11-2012,91862.07056
21-11-2012,91851.75428
22-11-2012,92420.58746
23-11-2012,92344.15729
24-11-2012,92195.08579
25-11-2012,92195.26232
26-11-2012,92196.16093
27-11-2012,92147.19158
28-11-2012,92097.45783
29-11-2012,92058.96088
30-11-2012,91762.94405
01-12-2012,91652.05629
02-12-2012,91652.5185
03-12-2012,91652.87025
04-12-2012,91399.54119
05-12-2012,91129.72312
06-12-2012,91157.16253
07-12-2012,91118.72783
08-12-2012,91158.15753
09-12-2012,91159.49473
10-12-2012,91163.08024
11-12-2012,91159.70777
12-12-2012,91115.79126
13-12-2012,91082.44888
14-12-2012,90905.48097
15-12-2012,90627.25097
16-12-2012,90625.87116
17-12-2012,90627.92897
18-12-2012,90532.83023
19-12-2012,90101.85254
20-12-2012,89592.8644
21-12-2012,89635.92021
22-12-2012,89563.66034
23-12-2012,89580.26324
24-12-2012,89580.2941
25-12-2012,89290.03315
26-12-2012,89289.6606
27-12-2012,89288.70312
28-12-2012,89250.62489
29-12-2012,89200.74098
30-12-2012,89201.30812
31-12-2012,89200.72547
01-01-2013,89166.07331
02-01-2013,89166.36452
03-01-2013,89239.48236
04-01-2013,89816.72754
05-01-2013,90003.15642
06-01-2013,90001.14525
07-01-2013,90025.20393
08-01-2013,90238.59581
09-01-2013,90255.18456
10-01-2013,90137.15301
11-01-2013,90135.84259
12-01-2013,90238.95481
13-01-2013,90238.89144
14-01-2013,90239.30691
15-01-2013,90243.68778
16-01-2013,90255.44118
17-01-2013,90454.13257
18-01-2013,90824.07658
19-01-2013,90822.4838
20-01-2013,90821.79167
21-01-2013,90821.03481
22-01-2013,91081.99787
23-01-2013,91071.51982
24-01-2013,91168.01302
25-01-2013,91284.37453
26-01-2013,91266.08415
27-01-2013,91266.38434
28-01-2013,91268.01435
29-01-2013,91210.03812
30-01-2013,91126.15091
31-01-2013,91101.13557
01-02-2013,90925.8804
02-02-2013,90820.84887
03-02-2013,90820.98882
04-02-2013,90820.66053
05-02-2013,90584.80122
06-02-2013,90277.86378
07-02-2013,89797.28018
08-02-2013,89667.96699
09-02-2013,89601.78435
10-02-2013,89595.8385
11-02-2013,89594.05116
12-02-2013,89407.72584
13-02-2013,89152.44127
14-02-2013,88774.11563
15-02-2013,88576.08922
16-02-2013,88583.59573
17-02-2013,88583.27665
18-02-2013,88581.4833
19-02-2013,88579.50251
20-02-2013,88281.97772
21-02-2013,88118.42162
22-02-2013,88009.71581
23-02-2013,87578.70532
24-02-2013,87524.49679
25-02-2013,87516.1749
26-02-2013,86351.58934
27-02-2013,85052.86076
28-02-2013,82045.44012
01-03-2013,97249.90691
02-03-2013,93655.12717
03-03-2013,93647.78627
04-03-2013,93646.9643
05-03-2013,93188.04102
06-03-2013,93152.28205
07-03-2013,95505.66134
08-03-2013,95109.3684
09-03-2013,94848.83347
10-03-2013,94843.60374
11-03-2013,94840.56772
12-03-2013,94613.59299
13-03-2013,95580.13241
14-03-2013,95670.83384
15-03-2013,96507.21383
16-03-2013,96484.42688
17-03-2013,96482.71406
18-03-2013,96480.66135
19-03-2013,97163.84998
20-03-2013,97130.21231
21-03-2013,97059.58527
22-03-2013,97038.24092
23-03-2013,96767.22848
24-03-2013,96768.32436
25-03-2013,96769.28332
26-03-2013,96898.31284
27-03-2013,96781.43801
28-03-2013,96760.34274
29-03-2013,100255.8849
30-03-2013,100254.4046
31-03-2013,100258.0402
01-04-2013,100257.5504
02-04-2013,100214.2818
03-04-2013,100412.566
04-04-2013,100352.882
05-04-2013,100352.4503
06-04-2013,100504.1961
07-04-2013,100506.8193
08-04-2013,100509.8993
09-04-2013,100695.3277
10-04-2013,100885.1496
11-04-2013,101020.0238
12-04-2013,101394.2978
13-04-2013,101550.245
14-04-2013,101550.5672
15-04-2013,101552.3243
16-04-2013,101756.1704
17-04-2013,102054.9531
18-04-2013,102176.7361
19-04-2013,102712.2854
20-04-2013,102953.6109
21-04-2013,102951.6329
22-04-2013,102952.8126
23-04-2013,103054.2508
24-04-2013,103428.6488
25-04-2013,103266.6243
26-04-2013,103679.1199
27-04-2013,103995.6013
28-04-2013,103995.9474
29-04-2013,103996.8953
30-04-2013,104266.346
01-05-2013,104725.6893
02-05-2013,105346.0119
03-05-2013,105791.0204
04-05-2013,106091.7351
05-05-2013,106093.0563
06-05-2013,106094.0128
07-05-2013,106515.5168
08-05-2013,107054.2273
09-05-2013,107623.4404
10-05-2013,107739.4556
11-05-2013,108150.3724
12-05-2013,108155.1707
13-05-2013,108157.4551
14-05-2013,108344.5798
15-05-2013,108564.0815
16-05-2013,109068.1292
17-05-2013,109328.7808
18-05-2013,109621.2189
19-05-2013,109621.2162
20-05-2013,109620.7296
21-05-2013,109621.0217
22-05-2013,110230.5746
23-05-2013,110289.9708
24-05-2013,110772.7745
25-05-2013,111071.8286
26-05-2013,111071.8286
27-05-2013,111078.353
28-05-2013,111047.9326
29-05-2013,111075.2143
30-05-2013,111168.969
31-05-2013,111262.3993
01-06-2013,111570.3341
02-06-2013,111570.3341
03-06-2013,111587.1502
04-06-2013,112270.4672
05-06-2013,112692.1853
06-06-2013,112711.0014
07-06-2013,112729.8608
08-06-2013,112655.9287
09-06-2013,112655.0205
10-06-2013,112656.4224
11-06-2013,112585.9937
12-06-2013,112467.3844
13-06-2013,112508.8946
14-06-2013,112873.3875
15-06-2013,112709.0125
16-06-2013,112709.0415
17-06-2013,112713.6538
18-06-2013,112792.1429
19-06-2013,112990.7184
20-06-2013,113229.7676
21-06-2013,113413.7342
22-06-2013,113547.2781
23-06-2013,113557.5216
24-06-2013,113557.9915
25-06-2013,113969.7904
26-06-2013,114418.4855
27-06-2013,114689.7765
28-06-2013,114912.3527
29-06-2013,111634.426
30-06-2013,111634.4236
01-07-2013,111634.6007
02-07-2013,111634.8378
03-07-2013,111858.5969
04-07-2013,112404.1349
05-07-2013,112535.6838
06-07-2013,112674.2793
07-07-2013,112705.0332
08-07-2013,112707.3049
09-07-2013,113161.3481
10-07-2013,113237.8102
11-07-2013,113465.2194
12-07-2013,113660.7627
13-07-2013,113877.506
14-07-2013,113875.9067
15-07-2013,113877.7631
16-07-2013,114032.0209
17-07-2013,114050.8257
18-07-2013,114227.3757
19-07-2013,114424.9926
20-07-2013,114354.0753
21-07-2013,114355.2502
22-07-2013,114356.854
23-07-2013,114356.1104
24-07-2013,114351.6215
25-07-2013,114369.8542
26-07-2013,114422.8593
27-07-2013,119172.6554
28-07-2013,119173.8567
29-07-2013,119175.0497
30-07-2013,119118.5208
31-07-2013,119183.8333
01-08-2013,119276.6741
02-08-2013,119462.8967
03-08-2013,119868.1225
04-08-2013,119869.8083
05-08-2013,119862.3483
06-08-2013,119863.8375
07-08-2013,120075.5677
08-08-2013,119760.2629
09-08-2013,119958.4282
10-08-2013,120206.805
11-08-2013,120332.1893
12-08-2013,120333.6898
13-08-2013,120505.0624
14-08-2013,120909.3875
15-08-2013,120998.469
16-08-2013,121135.1922
17-08-2013,121318.3092
18-08-2013,121326.0702
19-08-2013,121327.9281
20-08-2013,121119.1062
21-08-2013,121235.0238
22-08-2013,120822.0069
23-08-2013,120888.9175
24-08-2013,120834.5923
25-08-2013,120834.6531
26-08-2013,120833.5098
27-08-2013,120860.3355
28-08-2013,120910.8067
29-08-2013,120841.6096
30-08-2013,120736.7581
31-08-2013,118956.4292
01-09-2013,118639.929
02-09-2013,118639.5273
03-09-2013,118649.2928
04-09-2013,118530.5251
05-09-2013,118182.8162
06-09-2013,118367.1291
07-09-2013,116846.4903
08-09-2013,116843.4708
09-09-2013,116838.5982
10-09-2013,116170.6498
11-09-2013,115497.6513
12-09-2013,115218.132
13-09-2013,114552.4889
14-09-2013,114136.2865
15-09-2013,114020.7362
16-09-2013,114019.9845
17-09-2013,113314.2727
18-09-2013,112738.2538
19-09-2013,112509.3181
20-09-2013,112180.8824
21-09-2013,111759.2333
22-09-2013,111758.5802
23-09-2013,111759.2545
24-09-2013,111515.4211
25-09-2013,110577.5611
26-09-2013,106864.9901
27-09-2013,106550.9954
28-09-2013,106389.7064
29-09-2013,106391.5417
30-09-2013,106392.0417
01-10-2013,105888.1025
02-10-2013,104901.1728
03-10-2013,104242.9781
04-10-2013,103500.5445
05-10-2013,103084.4799
06-10-2013,103084.4799
07-10-2013,103087.3345
08-10-2013,102620.6479
09-10-2013,102389.8406
10-10-2013,102029.697
11-10-2013,101656.598
12-10-2013,101421.2519
13-10-2013,101420.0276
14-10-2013,101419.4553
15-10-2013,101421.1342
16-10-2013,101084.4748
17-10-2013,100702.2987
18-10-2013,100694.5031
19-10-2013,100438.1599
20-10-2013,100439.9676
21-10-2013,100441.2788
22-10-2013,100050.6518
23-10-2013,99904.20685
24-10-2013,99885.51286
25-10-2013,99707.89774
26-10-2013,99511.15908
27-10-2013,99406.0677
28-10-2013,99407.08257
29-10-2013,99067.53916
30-10-2013,98884.08129
31-10-2013,98801.71046
01-11-2013,98710.58708
02-11-2013,98650.57844
03-11-2013,98647.27138
04-11-2013,98647.24779
05-11-2013,98565.63112
06-11-2013,98370.1941
07-11-2013,98345.54197
08-11-2013,98839.00972
09-11-2013,98571.37753
10-11-2013,98539.96138
11-11-2013,98539.56295
12-11-2013,98517.64641
13-11-2013,98433.78363
14-11-2013,98407.17162
15-11-2013,98371.64985
16-11-2013,98292.67046
17-11-2013,98292.40562
18-11-2013,98293.60991
19-11-2013,98714.59286
20-11-2013,97478.12536
21-11-2013,97233.56695
22-11-2013,97254.80604
23-11-2013,97335.98399
24-11-2013,97334.27416
25-11-2013,97340.6515
26-11-2013,97500.10138
27-11-2013,97385.42102
28-11-2013,97344.50042
29-11-2013,97398.04262
30-11-2013,97440.74363
01-12-2013,97431.74376
02-12-2013,97432.04505
03-12-2013,97134.47871
04-12-2013,97063.67879
05-12-2013,96941.64195
06-12-2013,96579.75039
07-12-2013,96084.15771
08-12-2013,96184.36946
09-12-2013,96185.08714
10-12-2013,96863.56333
11-12-2013,96828.15009
12-12-2013,96760.35368
13-12-2013,96362.2409
14-12-2013,96486.26552
15-12-2013,96508.9108
16-12-2013,96508.88142
17-12-2013,96347.64653
18-12-2013,96261.03859
19-12-2013,95604.45299
20-12-2013,95559.07153
21-12-2013,95751.17714
22-12-2013,95651.87276
23-12-2013,95652.58953
24-12-2013,96116.71928
25-12-2013,95856.51351
26-12-2013,95856.51351
27-12-2013,95856.69533
28-12-2013,95838.55321
29-12-2013,95838.49111
30-12-2013,95838.49111
31-12-2013,95881.21867
01-01-2014,95890.39774
02-01-2014,95885.39774
03-01-2014,95943.87526
04-01-2014,95957.94291
05-01-2014,95957.94291
06-01-2014,95958.26762
07-01-2014,96208.39229
08-01-2014,96301.80289
09-01-2014,96618.6283
10-01-2014,95408.08392
11-01-2014,95373.16595
12-01-2014,95574.07874
13-01-2014,95574.48783
14-01-2014,95520.60754
15-01-2014,95564.81258
16-01-2014,95463.87074
17-01-2014,95445.08601
18-01-2014,95545.94456
19-01-2014,95540.22912
20-01-2014,95539.33206
21-01-2014,95555.49521
22-01-2014,95573.36411
23-01-2014,95716.85393
24-01-2014,95908.37566
25-01-2014,95871.92739
26-01-2014,95940.9181
27-01-2014,95941.54153
28-01-2014,95977.74938
29-01-2014,96030.15181
30-01-2014,96021.85667
31-01-2014,96048.42097
01-02-2014,96129.94413
02-02-2014,96140.39801
03-02-2014,96140.79232
04-02-2014,95872.60991
05-02-2014,95603.40466
06-02-2014,95629.65127
07-02-2014,95784.66775
08-02-2014,95656.55543
09-02-2014,95673.67855
10-02-2014,95673.88506
11-02-2014,95515.70551
12-02-2014,95501.51469
13-02-2014,95955.58913
14-02-2014,95741.20335
15-02-2014,95443.55877
16-02-2014,95412.70857
17-02-2014,95412.66245
18-02-2014,95403.70747
19-02-2014,95411.58991
20-02-2014,95497.54226
21-02-2014,95447.36786
22-02-2014,95453.60266
23-02-2014,95453.42337
24-02-2014,95453.83467
25-02-2014,95783.73372
26-02-2014,95768.50299
27-02-2014,95070.00346
28-02-2014,95179.26427
01-10-2014,106155.7807
02-10-2014,105425.9639
03-10-2014,104993.6192
04-10-2014,104519.6614
05-10-2014,104519.8069
06-10-2014,104522.5879
07-10-2014,104390.0454
08-10-2014,104238.9785
09-10-2014,104023.1868
10-10-2014,103866.1399
11-10-2014,103759.1909
12-10-2014,103758.9491
13-10-2014,103758.6962
14-10-2014,103758.3644
15-10-2014,103605.7663
16-10-2014,103155.6173
17-10-2014,102944.2645
18-10-2014,102928.4548
19-10-2014,102928.5061
20-10-2014,102930.0362
21-10-2014,103040.3494
22-10-2014,102803.8048
23-10-2014,102670.8298
24-10-2014,102552.2124
25-10-2014,102773.1929
26-10-2014,102772.5195
27-10-2014,102771.7777
28-10-2014,105240.384
29-10-2014,105046.0797
30-10-2014,104902.0643
31-10-2014,104905.5001
01-11-2014,102823.4104
02-11-2014,102823.5062
03-11-2014,102824.2097
04-11-2014,102812.1739
05-11-2014,102653.6455
06-11-2014,102838.5512
07-11-2014,102722.8688
08-11-2014,104056.6379
09-11-2014,104060.6153
10-11-2014,104061.1947
11-11-2014,103943.9608
12-11-2014,104058.4046
13-11-2014,104059.2481
14-11-2014,103676.9385
15-11-2014,103705.5991
16-11-2014,103705.359
17-11-2014,103706.4482
18-11-2014,103546.4856
19-11-2014,102616.4388
20-11-2014,102527.9648
21-11-2014,102535.1188
22-11-2014,102504.6372
23-11-2014,102460.4898
24-11-2014,102462.1742
25-11-2014,102474.9089
26-11-2014,102330.0985
27-11-2014,101700.9192
28-11-2014,101667.0155
29-11-2014,101521.6334
30-11-2014,101511.8758
01-12-2014,101512.2602
02-12-2014,101075.4205
03-12-2014,100517.4727
04-12-2014,100120.1823
05-12-2014,99554.71523
06-12-2014,99536.4892
07-12-2014,99551.07571
08-12-2014,99551.79923
09-12-2014,99953.20257
10-12-2014,99991.89306
11-12-2014,99966.01331
12-12-2014,99990.7995
13-12-2014,99268.19811
14-12-2014,99268.60813
15-12-2014,99269.02312
16-12-2014,98848.93744
17-12-2014,98715.82578
18-12-2014,98572.14495
19-12-2014,98635.0418
20-12-2014,98507.85487
21-12-2014,98552.62299
22-12-2014,98552.6011
23-12-2014,98194.16097
24-12-2014,98239.76973
25-12-2014,98049.32145
26-12-2014,98049.33602
27-12-2014,98047.47358
28-12-2014,98057.04013
29-12-2014,98057.04914
30-12-2014,98116.68054
31-12-2014,98243.47862
01-01-2015,98343.49626
02-01-2015,98343.69374
03-01-2015,98684.73359
04-01-2015,98684.84818
05-01-2015,98685.22039
06-01-2015,98917.39578
07-01-2015,99548.91245
08-01-2015,99601.00088
09-01-2015,97724.39232
10-01-2015,97711.27485
11-01-2015,97752.80457
12-01-2015,97753.03643
13-01-2015,97890.22511
14-01-2015,97923.04165
15-01-2015,98087.29608
16-01-2015,97964.66565
17-01-2015,97987.57325
18-01-2015,97988.1686
19-01-2015,97988.33506
20-01-2015,98114.97025
21-01-2015,98169.86733
22-01-2015,98432.08249
23-01-2015,98610.09154
24-01-2015,98747.01518
25-01-2015,98748.58344
26-01-2015,98747.82416
27-01-2015,98712.27768
28-01-2015,99166.78843
29-01-2015,99198.63929
30-01-2015,99119.99639
31-01-2015,99192.06321
01-02-2015,99191.70421
02-02-2015,99192.21778
03-02-2015,99097.64021
04-02-2015,99085.61173
05-02-2015,99105.7538
06-02-2015,99070.06623
07-02-2015,98567.61368
08-02-2015,98496.31345
09-02-2015,98496.54472
10-02-2015,98403.18658
11-02-2015,98438.86853
12-02-2015,98435.60356
13-02-2015,98395.4201
14-02-2015,98439.24122
15-02-2015,98439.24217
16-02-2015,98439.27876
17-02-2015,98428.19801
18-02-2015,98434.83241
19-02-2015,98486.71661
20-02-2015,98462.27263
21-02-2015,98827.08134
22-02-2015,98797.14201
23-02-2015,98797.24298
24-02-2015,98886.42254
25-02-2015,98955.81617
26-02-2015,98994.75064
27-02-2015,99101.54533
28-02-2015,96511.58118
01-03-2015,96534.22777
02-03-2015,96534.25822
03-03-2015,96745.69433
04-03-2015,96809.20535
05-03-2015,96708.90687
06-03-2015,96700.69753
07-03-2015,96649.48235
08-03-2015,96657.32922
09-03-2015,96658.37693
10-03-2015,96760.10175
11-03-2015,96763.03234
12-03-2015,96806.43794
13-03-2015,96750.28325
14-03-2015,96788.57556
15-03-2015,96785.54113
16-03-2015,96786.34905
17-03-2015,96801.788
18-03-2015,96811.44481
19-03-2015,96704.09106
20-03-2015,96965.43026
21-03-2015,97276.61136
22-03-2015,97278.13087
23-03-2015,97278.97047
24-03-2015,97191.99032
25-03-2015,97166.86393
26-03-2015,96953.80007
27-03-2015,96934.14243
28-03-2015,96868.82893
29-03-2015,96868.65148
30-03-2015,96869.2975
31-03-2015,96892.08081
01-04-2015,96735.58232
02-04-2015,96979.18523
03-04-2015,96987.6524
04-04-2015,96987.51348
05-04-2015,97001.59252
06-04-2015,97001.32229
07-04-2015,97008.80195
08-04-2015,97123.95664
09-04-2015,97218.457
10-04-2015,97397.78736
11-04-2015,97565.35971
12-04-2015,97597.72717
13-04-2015,97606.07346
14-04-2015,97702.86583
15-04-2015,98082.67924
16-04-2015,98214.75739
17-04-2015,98393.3919
18-04-2015,98594.31322
19-04-2015,98595.16832
20-04-2015,98596.03333
21-04-2015,99413.78008
22-04-2015,99713.80975
23-04-2015,99890.81944
24-04-2015,102281.7534
25-04-2015,102688.8193
26-04-2015,102689.7285
27-04-2015,102691.0395
28-04-2015,103183.5717
29-04-2015,103608.1392
30-04-2015,104569.9776
01-05-2015,104633.5833
02-05-2015,105143.2965
03-05-2015,105139.4914
04-05-2015,105139.7571
05-05-2015,105647.2214
06-05-2015,106566.1167
07-05-2015,107168.6487
08-05-2015,107992.4606
09-05-2015,108541.4889
10-05-2015,108542.1627
11-05-2015,108543.1213
12-05-2015,108837.0351
13-05-2015,109155.3764
14-05-2015,109675.8537
15-05-2015,109796.2447
16-05-2015,110245.042
17-05-2015,110315.2484
18-05-2015,110315.2484
19-05-2015,110316.4937
20-05-2015,111219.0206
21-05-2015,111753.2714
22-05-2015,112080.5012
23-05-2015,112366.4763
24-05-2015,112366.6092
25-05-2015,112369.6212
26-05-2015,112774.1006
27-05-2015,112915.97
28-05-2015,113255.3114
29-05-2015,113400.2061
30-05-2015,113429.0874
31-05-2015,113428.4579
01-06-2015,113428.1961
02-06-2015,113276.9735
03-06-2015,114035.3208
04-06-2015,114069.1204
05-06-2015,113852.3628
06-06-2015,113644.8042
07-06-2015,113644.5686
08-06-2015,113644.0318
09-06-2015,113534.8963
10-06-2015,113296.9882
11-06-2015,113151.741
12-06-2015,112985.7786
13-06-2015,113081.0804
14-06-2015,113080.7141
15-06-2015,113081.2077
16-06-2015,112917.3976
17-06-2015,112664.9599
18-06-2015,112515.8657
19-06-2015,113270.2224
20-06-2015,113071.5121
21-06-2015,113071.505
22-06-2015,113071.7703
23-06-2015,112922.1778
24-06-2015,112694.5622
25-06-2015,112670.3641
26-06-2015,110331.4253
27-06-2015,110307.0666
28-06-2015,110304.6009
29-06-2015,110306.1472
30-06-2015,110251.0899
01-07-2015,109969.6658
02-07-2015,109970.9386
03-07-2015,110155.0182
04-07-2015,110466.685
05-07-2015,110466.7139
06-07-2015,110467.7955
07-07-2015,110940.9713
08-07-2015,111003.7797
09-07-2015,111436.3786
10-07-2015,111553.8604
11-07-2015,111697.2638
12-07-2015,111844.5321
13-07-2015,111844.695
14-07-2015,111858.3112
15-07-2015,111987.6508
16-07-2015,112109.0491
17-07-2015,112464.5303
18-07-2015,112625.3894
19-07-2015,112624.7608
20-07-2015,111073.8268
21-07-2015,111309.1301
22-07-2015,111709.0718
23-07-2015,111963.8008
24-07-2015,112484.5532
25-07-2015,113134.8436
26-07-2015,113179.7096
27-07-2015,113180.7098
28-07-2015,113549.9819
29-07-2015,113812.1558
30-07-2015,113895.7263
31-07-2015,114178.9656
01-08-2015,114483.0317
02-08-2015,114482.7459
03-08-2015,114484.9983
04-08-2015,114485.8816
05-08-2015,114704.1805
06-08-2015,114894.1363
07-08-2015,114695.4895
08-08-2015,114642.9762
09-08-2015,114616.9302
10-08-2015,114617.0947
11-08-2015,114639.269
12-08-2015,114647.1244
13-08-2015,114672.9448
14-08-2015,114529.7261
15-08-2015,114534.2774
16-08-2015,114534.6289
17-08-2015,114535.4079
18-08-2015,114913.68
19-08-2015,114914.8003
20-08-2015,114548.0728
21-08-2015,114392.985
22-08-2015,114920.2968
23-08-2015,114920.0058
24-08-2015,114921.9034
25-08-2015,114635.6302
26-08-2015,114593.7265
27-08-2015,114295.003
28-08-2015,114221.3533
29-08-2015,114314.8454
30-08-2015,114314.845
31-08-2015,114316.2236
01-09-2015,114259.069
02-09-2015,114130.0298
03-09-2015,113436.0024
04-09-2015,113086.3235
05-09-2015,112840.4562
06-09-2015,112840.3622
07-09-2015,112840.5669
08-09-2015,112840.8518
09-09-2015,112545.8764
10-09-2015,112258.4326
11-09-2015,112185.1934
12-09-2015,112038.696
13-09-2015,112038.6768
14-09-2015,112039.1785
15-09-2015,111925.8124
16-09-2015,111532.9426
17-09-2015,110925.2363
18-09-2015,110395.3901
19-09-2015,110282.3144
20-09-2015,110282.5362
21-09-2015,110283.4774
22-09-2015,111249.8205
23-09-2015,111026.427
24-09-2015,110585.2406
25-09-2015,110142.4866
26-09-2015,109755.8242
27-09-2015,109757.7744
28-09-2015,109758.4944
29-09-2015,109020.3123
30-09-2015,108437.5176
01-10-2015,106931.473
02-10-2015,106019.5765
03-10-2015,105166.0825
04-10-2015,105166.0825
05-10-2015,105166.62
06-10-2015,104752.2296
07-10-2015,104277.076
08-10-2015,104083.2005
09-10-2015,103440.835
10-10-2015,103087.4786
11-10-2015,103072.0184
12-10-2015,103072.0165
13-10-2015,103071.9663
14-10-2015,102830.981
15-10-2015,102620.4489
16-10-2015,101932.3052
17-10-2015,101610.3775
18-10-2015,101610.5732
19-10-2015,101613.3071
20-10-2015,101413.689
21-10-2015,100105.6195
22-10-2015,99975.84653
23-10-2015,99808.34082
24-10-2015,99591.46465
25-10-2015,99590.85889
26-10-2015,99591.75854
27-10-2015,99360.15304
28-10-2015,99002.68691
29-10-2015,98753.60113
30-10-2015,98672.8551
31-10-2015,98504.9651
01-11-2015,98505.59262
02-11-2015,98506.25108
03-11-2015,98312.98809
04-11-2015,98170.38906
05-11-2015,97943.28946
06-11-2015,97667.71281
07-11-2015,97642.14926
08-11-2015,97642.14843
09-11-2015,97642.8315
10-11-2015,97579.65985
11-11-2015,97495.07467
12-11-2015,97400.92217
13-11-2015,97330.34937
14-11-2015,97330.95653
15-11-2015,97330.79077
16-11-2015,97331.26167
17-11-2015,97326.34382
18-11-2015,96829.3166
19-11-2015,96746.19502
20-11-2015,96872.3442
21-11-2015,96868.38001
22-11-2015,96868.57654
23-11-2015,96868.71624
24-11-2015,96945.54257
25-11-2015,96896.04215
26-11-2015,96716.31967
27-11-2015,96752.60599
28-11-2015,96729.58316
29-11-2015,96728.68682
30-11-2015,96729.48952
01-12-2015,96114.8879
02-12-2015,95913.9429
03-12-2015,95695.21397
04-12-2015,95077.32002
05-12-2015,96050.35037
06-12-2015,96067.24025
07-12-2015,96068.2888
08-12-2015,96050.54202
09-12-2015,96124.99147
10-12-2015,96083.09669
11-12-2015,96071.05579
12-12-2015,95871.93171
13-12-2015,95871.97875
14-12-2015,95873.35542
15-12-2015,95898.03248
16-12-2015,95739.64942
17-12-2015,95603.57495
18-12-2015,95131.95044
19-12-2015,94995.11782
20-12-2015,94995.01046
21-12-2015,94995.35424
22-12-2015,95876.58823
23-12-2015,95900.12163
24-12-2015,96320.39679
25-12-2015,95897.11616
26-12-2015,95897.17881
27-12-2015,95897.29889
28-12-2015,95897.57178
29-12-2015,96020.60345
30-12-2015,96079.77496
31-12-2015,96167.66409
01-01-2016,96497.40862
02-01-2016,96497.68799
03-01-2016,96553.97168
04-01-2016,96555.47278
05-01-2016,96546.82969
06-01-2016,97045.47765
07-01-2016,97012.55102
08-01-2016,97351.56996
09-01-2016,97337.60454
10-01-2016,97814.6756
11-01-2016,97816.88112
12-01-2016,97813.76223
13-01-2016,97906.5574
14-01-2016,97892.28739
15-01-2016,98012.85806
16-01-2016,98072.20728
17-01-2016,97920.01007
18-01-2016,97920.12757
19-01-2016,97988.90607
20-01-2016,98150.6365
21-01-2016,98157.02592
22-01-2016,98318.99824
23-01-2016,98763.74084
24-01-2016,98857.32212
25-01-2016,98857.54114
26-01-2016,98913.97185
27-01-2016,98943.874
28-01-2016,98932.26751
29-01-2016,98899.10314
30-01-2016,98750.79293
31-01-2016,98743.98548
01-02-2016,98745.20926
02-02-2016,98784.25418
03-02-2016,98807.02539
04-02-2016,98641.88219
05-02-2016,98624.42219
06-02-2016,98561.47801
07-02-2016,98235.7732
08-02-2016,98235.78686
09-02-2016,97257.43336
10-02-2016,97166.70049
11-02-2016,97159.9417
12-02-2016,97117.30851
13-02-2016,97136.91192
14-02-2016,97135.44226
15-02-2016,97136.07063
16-02-2016,97157.78411
17-02-2016,97126.50383
18-02-2016,97088.29826
19-02-2016,97167.29834
20-02-2016,95678.81574
21-02-2016,95698.75306
22-02-2016,95698.03362
23-02-2016,95573.55384
24-02-2016,95553.10326
25-02-2016,95383.39299
26-02-2016,95455.69559
27-02-2016,95467.39158
28-02-2016,95579.62836
29-02-2016,95580.8474
01-03-2016,95539.64581
02-03-2016,95455.43156
03-03-2016,95441.82521
04-03-2016,95580.44478
05-03-2016,95577.89065
06-03-2016,95565.85975
07-03-2016,95566.35838
08-03-2016,95488.17265
09-03-2016,95711.25934
10-03-2016,95306.90642
11-03-2016,95316.16276
12-03-2016,95368.87722
13-03-2016,95346.76834
14-03-2016,95346.76834
15-03-2016,95363.9202
16-03-2016,95389.79382
17-03-2016,95419.62736
18-03-2016,95402.75984
19-03-2016,95520.63712
20-03-2016,95549.76257
21-03-2016,95551.15481
22-03-2016,96284.67592
23-03-2016,96309.54121
24-03-2016,96225.70311
25-03-2016,96248.33089
26-03-2016,96247.90203
27-03-2016,96240.80371
28-03-2016,96240.80371
29-03-2016,96437.087
30-03-2016,96588.21622
31-03-2016,96732.69371
01-04-2016,96805.06062
02-04-2016,97248.22889
03-04-2016,97255.6476
04-04-2016,97255.21125
05-04-2016,97429.04759
06-04-2016,97506.47497
07-04-2016,97662.22762
08-04-2016,97834.41823
09-04-2016,97920.75527
10-04-2016,97981.7413
11-04-2016,97981.85795
12-04-2016,98076.93504
13-04-2016,98201.55449
14-04-2016,98494.25826
15-04-2016,98781.9947
16-04-2016,99027.92237
17-04-2016,99027.92237
18-04-2016,99028.27882
19-04-2016,99538.97737
20-04-2016,99768.4947
21-04-2016,99946.20492
22-04-2016,100213.5694
23-04-2016,100338.2917
24-04-2016,100338.712
25-04-2016,100340.2092
26-04-2016,100655.3418
27-04-2016,100648.8183
28-04-2016,100913.4342
29-04-2016,101228.5787
30-04-2016,101758.3746
01-05-2016,101757.8697
02-05-2016,101759.0162
03-05-2016,102401.2292
04-05-2016,103315.6878
05-05-2016,103807.5327
06-05-2016,104380.8011
07-05-2016,105189.3471
08-05-2016,105193.8947
09-05-2016,105195.8691
10-05-2016,105762.2759
11-05-2016,106755.6394
12-05-2016,106950.761
13-05-2016,107334.7142
14-05-2016,108233.4998
15-05-2016,108233.7911
16-05-2016,108234.3911
17-05-2016,109114.1167
18-05-2016,109607.2861
19-05-2016,111262.3559
20-05-2016,112096.8964
21-05-2016,112554.5813
22-05-2016,112554.6772
23-05-2016,112554.6772
24-05-2016,112555.5181
25-05-2016,113296.3689
26-05-2016,114924.72
27-05-2016,115798.6421
28-05-2016,116367.7479
29-05-2016,116367.8566
30-05-2016,116374.0308
31-05-2016,116871.5634
01-06-2016,117087.2154
02-06-2016,118270.3395
03-06-2016,119684.9841
04-06-2016,120209.561
05-06-2016,120720.1475
06-06-2016,120721.5604
07-06-2016,121579.735
08-06-2016,122258.9724
09-06-2016,123365.5096
10-06-2016,123814.4273
11-06-2016,124273.1473
12-06-2016,124404.5942
13-06-2016,124404.4817
14-06-2016,124541.1274
15-06-2016,124764.8897
16-06-2016,125294.8448
17-06-2016,125955.7396
18-06-2016,126220.2659
19-06-2016,126220.2659
20-06-2016,126220.9582
21-06-2016,126348.6161
22-06-2016,126093.0936
23-06-2016,126362.3829
24-06-2016,126662.7502
25-06-2016,127023.6889
26-06-2016,127001.9888
27-06-2016,127002.4143
28-06-2016,127237.9892
29-06-2016,127171.0481
30-06-2016,127189.5655
01-07-2016,127572.9647
02-07-2016,127573.1167
03-07-2016,127574.1722
04-07-2016,127575.2789
05-07-2016,127570.4935
06-07-2016,127768.639
07-07-2016,127859.6619
08-07-2016,127219.2372
09-07-2016,126930.721
10-07-2016,126743.9551
11-07-2016,126744.3904
12-07-2016,126398.8178
13-07-2016,126072.3262
14-07-2016,125654.7871
15-07-2016,125227.9698
16-07-2016,125312.831
17-07-2016,125312.8194
18-07-2016,125314.3603
19-07-2016,125328.1108
20-07-2016,125058.7706
21-07-2016,124753.5254
22-07-2016,125126.2487
23-07-2016,124394.2917
24-07-2016,124372.2076
25-07-2016,124367.8588
26-07-2016,123978.8319
27-07-2016,123333.8788
28-07-2016,122687.5467
29-07-2016,121186.6347
30-07-2016,121060.6418
31-07-2016,121060.6172
01-08-2016,121060.6183
02-08-2016,121061.6789
03-08-2016,120696.6469
04-08-2016,120439.7688
05-08-2016,119895.4063
06-08-2016,119441.2497
07-08-2016,119441.3642
08-08-2016,119441.8293
09-08-2016,119029.5332
10-08-2016,118683.3721
11-08-2016,118179.5354
12-08-2016,118039.4769
13-08-2016,117910.6449
14-08-2016,117910.5893
15-08-2016,117911.7872
16-08-2016,117539.5717
17-08-2016,116943.3623
18-08-2016,116490.2484
19-08-2016,116277.2387
20-08-2016,115808.5816
21-08-2016,115808.3425
22-08-2016,115809.5348
23-08-2016,115508.5536
24-08-2016,115257.1081
25-08-2016,115317.5801
26-08-2016,115141.7494
27-08-2016,114962.7147
28-08-2016,114963.5152
29-08-2016,114963.6878
30-08-2016,114778.4454
31-08-2016,114464.1108
01-09-2016,114547.3239
02-09-2016,113859.8087
03-09-2016,113871.4938
04-09-2016,113863.3141
05-09-2016,113863.2141
06-09-2016,113863.8289
07-09-2016,113546.9853
08-09-2016,113546.7227
09-09-2016,113273.5471
10-09-2016,112807.6782
11-09-2016,112806.7085
12-09-2016,112807.3863
13-09-2016,112582.5273
14-09-2016,112483.9383
15-09-2016,112291.8162
16-09-2016,112132.36
17-09-2016,111657.9295
18-09-2016,111657.8004
19-09-2016,111658.4932
20-09-2016,111718.2298
21-09-2016,111533.0152
22-09-2016,111158.8173
23-09-2016,111011.908
24-09-2016,110826.4427
25-09-2016,110826.4307
26-09-2016,110826.3538
27-09-2016,110214.4434
28-09-2016,109539.865
29-09-2016,109439.9486
30-09-2016,108988.4989
01-10-2016,108278.318
02-10-2016,108278.318
03-10-2016,108280.4583
04-10-2016,107763.1696
05-10-2016,106658.7359
06-10-2016,106031.3662
07-10-2016,105689.3363
08-10-2016,105374.8343
09-10-2016,105082.298
10-10-2016,105082.761
11-10-2016,105084.2909
12-10-2016,104860.0239
13-10-2016,104671.8633
14-10-2016,104595.9809
15-10-2016,104553.8386
16-10-2016,104553.8386
17-10-2016,104554.4204
18-10-2016,104248.9051
19-10-2016,103505.0485
20-10-2016,102792.881
21-10-2016,102712.8095
22-10-2016,102509.7
23-10-2016,102500.613
24-10-2016,102502.4942
25-10-2016,102305.172
26-10-2016,102050.155
27-10-2016,101619.2696
28-10-2016,101491.322
29-10-2016,101428.1831
30-10-2016,101411.7336
31-10-2016,101412.8853
01-11-2016,101173.0561
02-11-2016,100939.1178
03-11-2016,100557.459
04-11-2016,100134.9025
05-11-2016,100059.8014
06-11-2016,100060.0089
07-11-2016,100060.0906
08-11-2016,99938.23344
09-11-2016,99733.99454
10-11-2016,99602.94539
11-11-2016,99571.87373
12-11-2016,99500.56385
13-11-2016,99500.56385
14-11-2016,99501.82168
15-11-2016,99474.78716
16-11-2016,99205.2716
17-11-2016,99181.19466
18-11-2016,98759.71062
19-11-2016,98590.43692
20-11-2016,98590.18093
21-11-2016,98590.8519
22-11-2016,98590.1228
23-11-2016,98513.02444
24-11-2016,98627.42262
25-11-2016,98551.26764
26-11-2016,98459.7594
27-11-2016,98458.52795
28-11-2016,98458.56136
29-11-2016,98337.71441
30-11-2016,98373.0832
01-12-2016,98087.62738
02-12-2016,97827.82202
03-12-2016,97848.15947
04-12-2016,97848.15947
05-12-2016,97848.15947
06-12-2016,97823.51807
07-12-2016,99672.62631
08-12-2016,100077.4478
09-12-2016,100114.3392
10-12-2016,100101.9907
11-12-2016,100102.1254
12-12-2016,100102.7022
13-12-2016,100228.0271
14-12-2016,100227.5916
15-12-2016,100061.6421
16-12-2016,100205.8276
17-12-2016,100063.8235
18-12-2016,100063.8759
19-12-2016,100064.7619
20-12-2016,99877.19998
21-12-2016,99829.79571
22-12-2016,99918.38838
23-12-2016,99828.85709
24-12-2016,101786.6737
25-12-2016,101786.8223
26-12-2016,101786.975
27-12-2016,101786.975
28-12-2016,101787.2103
29-12-2016,101830.207
30-12-2016,101920.8714
31-12-2016,102454.0955
01-01-2017,102469.7427
02-01-2017,102469.7427
03-01-2017,102470.2595
04-01-2017,102392.8757
05-01-2017,102751.5232
06-01-2017,102936.0797
07-01-2017,103157.3118
08-01-2017,103152.7068
09-01-2017,103152.6218
10-01-2017,101878.5887
11-01-2017,101928.8154
12-01-2017,101930.6885
13-01-2017,101985.6409
14-01-2017,102005.0398
15-01-2017,102004.9843
16-01-2017,102004.9843
17-01-2017,102039.1801
18-01-2017,102036.8754
19-01-2017,102479.5087
20-01-2017,102480.9321
21-01-2017,102486.6168
22-01-2017,102495.2081
23-01-2017,102495.5094
24-01-2017,102653.5599
25-01-2017,102619.8881
26-01-2017,103152.5951
27-01-2017,104138.8281
28-01-2017,104131.7393
29-01-2017,104131.3573
30-01-2017,104131.4031
31-01-2017,104048.0324
01-02-2017,104128.1058
02-02-2017,104104.6651
03-02-2017,103656.2303
04-02-2017,103119.4376
05-02-2017,103119.7471
06-02-2017,103119.6879
07-02-2017,103123.8799
08-02-2017,103089.3409
09-02-2017,103029.9423
10-02-2017,103042.6469
11-02-2017,103048.6278
12-02-2017,103048.6278
13-02-2017,103049.1187
14-02-2017,103017.9397
15-02-2017,102919.97
16-02-2017,103001.8855
17-02-2017,103319.1287
18-02-2017,102806.2508
19-02-2017,102803.7384
20-02-2017,102803.7384
21-02-2017,102805.1186
22-02-2017,102975.8793
23-02-2017,101890.26
24-02-2017,102058.8082
25-02-2017,102103.0332
26-02-2017,102100.6657
27-02-2017,102100.6657
28-02-2017,102165.4667
01-03-2017,102122.2021
02-03-2017,102305.4123
03-03-2017,102430.3816
04-03-2017,102812.3696
05-03-2017,102811.049
06-03-2017,102811.1515
07-03-2017,102534.6483
08-03-2017,102507.4487
09-03-2017,102569.0481
10-03-2017,102577.6201
11-03-2017,102606.5696
12-03-2017,102606.301
13-03-2017,102606.501
14-03-2017,102594.3056
15-03-2017,102593.5059
16-03-2017,102643.708
17-03-2017,102668.0374
18-03-2017,102621.8169
19-03-2017,102621.8169
20-03-2017,102622.2169
21-03-2017,102625.2841
22-03-2017,102717.1745
23-03-2017,102680.8583
24-03-2017,102502.1376
01-06-2017,112953.6903
02-06-2017,114346.2674
03-06-2017,114758.5639
04-06-2017,114828.9665
05-06-2017,114829.4392
06-06-2017,115435.7781
07-06-2017,115624.1691
08-06-2017,115978.5896
09-06-2017,116175.8086
10-06-2017,116484.6882
11-06-2017,116496.1945
12-06-2017,116496.0197
13-06-2017,116731.9626
14-06-2017,116901.2709
15-06-2017,116955.7865
16-06-2017,116963.0237
17-06-2017,119140.17
18-06-2017,119140.17
19-06-2017,119141.1444
20-06-2017,118960.6436
21-06-2017,118792.1362
22-06-2017,119081.7663
23-06-2017,119029.1462
24-06-2017,118938.8675
25-06-2017,118939.4047
26-06-2017,118939.8203
27-06-2017,118848.2218
28-06-2017,119172.5467
29-06-2017,119265.2161
30-06-2017,119200.4323
01-07-2017,118888.255
02-07-2017,118888.255
03-07-2017,118888.255
04-07-2017,118894.1188
05-07-2017,119231.3855
06-07-2017,119380.4389
07-07-2017,119568.8349
08-07-2017,119873.2234
09-07-2017,119873.03
10-07-2017,119877.466
11-07-2017,120033.0458
12-07-2017,120136.1951
13-07-2017,120427.5537
14-07-2017,120550.2697
15-07-2017,120804.2383
16-07-2017,120804.2383
17-07-2017,120805.2717
18-07-2017,120102.9039
19-07-2017,120473.2746
20-07-2017,120685.1491
21-07-2017,121031.5678
22-07-2017,120979.7835
23-07-2017,120984.9381
24-07-2017,120984.9688
25-07-2017,121226.5649
26-07-2017,121600.836
27-07-2017,121780.7226
28-07-2017,121974.1542
29-07-2017,122155.0731
30-07-2017,122158.9275
31-07-2017,122158.9275
01-08-2017,122137.9745
02-08-2017,122515.1483
03-08-2017,122548.5912
04-08-2017,122365.1827
05-08-2017,122610.0554
06-08-2017,122611.1005
07-08-2017,122611.502
08-08-2017,122614.4707
09-08-2017,122422.6263
10-08-2017,122275.8769
11-08-2017,122223.4877
12-08-2017,122195.034
13-08-2017,122195.034
14-08-2017,122195.234
15-08-2017,122209.0951
16-08-2017,122062.2937
17-08-2017,121915.098
18-08-2017,121492.3976
19-08-2017,121263.7704
20-08-2017,121261.0693
21-08-2017,121261.5804
22-08-2017,122174.8991
23-08-2017,121855.8137
24-08-2017,121571.031
25-08-2017,121687.4615
26-08-2017,119520.7763
27-08-2017,119505.8633
28-08-2017,119505.8633
29-08-2017,119636.7168
30-08-2017,119555.3705
31-08-2017,119784.1944
01-09-2017,119568.2906
02-09-2017,119352.6733
03-09-2017,119352.6066
04-09-2017,119352.6066
05-09-2017,119352.7733
06-09-2017,119595.6983
07-09-2017,119657.0751
08-09-2017,119457.5319
09-09-2017,119383.9639
10-09-2017,119426.258
11-09-2017,119426.8978
12-09-2017,119257.8999
13-09-2017,119069.4469
14-09-2017,118974.6944
15-09-2017,118962.2511
16-09-2017,118875.5197
17-09-2017,118875.5197
18-09-2017,118875.7015
19-09-2017,118425.5949
20-09-2017,118373.0559
21-09-2017,118048.8639
22-09-2017,117867.2881
23-09-2017,117743.0462
24-09-2017,117647.1817
25-09-2017,117648.1231
26-09-2017,117457.435
27-09-2017,116969.0521
28-09-2017,116570.6436
29-09-2017,115760.8774
30-09-2017,115601.5312
01-10-2017,115589.7968
02-10-2017,115592.609
03-10-2017,115000.7528
04-10-2017,114040.8219
05-10-2017,112365.2008
06-10-2017,111196.6287
07-10-2017,109883.1573
08-10-2017,109693.501
09-10-2017,109693.5505
10-10-2017,109694.8713
11-10-2017,109045.5067
12-10-2017,108663.047
13-10-2017,108294.1217
14-10-2017,108021.7088
15-10-2017,108021.4958
16-10-2017,108023.875
17-10-2017,106480.7579
18-10-2017,106191.668
19-10-2017,105763.4326
20-10-2017,105267.6782
21-10-2017,105079.4746
22-10-2017,105079.4746
23-10-2017,105079.8746
24-10-2017,104588.9425
25-10-2017,104313.8276
26-10-2017,104147.3357
27-10-2017,103960.5709
28-10-2017,103759.3873
29-10-2017,103759.3873
30-10-2017,103760.403
31-10-2017,103671.8875
01-11-2017,103155.8637
02-11-2017,103046.8412
03-11-2017,102927.9389
04-11-2017,102749.449
05-11-2017,102749.449
06-11-2017,102749.649
07-11-2017,102609.0501
08-11-2017,102522.8069
09-11-2017,102434.8987
10-11-2017,102373.1665
11-11-2017,102325.3129
12-11-2017,102325.3129
13-11-2017,102326.2915
14-11-2017,102363.2936
15-11-2017,102340.5548
16-11-2017,102224.1991
17-11-2017,101830.5625
18-11-2017,101758.9466
19-11-2017,101758.9466
20-11-2017,101759.0666
21-11-2017,101730.2219
22-11-2017,101315.7503
23-11-2017,101152.4993
24-11-2017,101126.0762
25-11-2017,101271.5886
26-11-2017,101186.0281
27-11-2017,101186.0281
28-11-2017,101104.7104
29-11-2017,101068.9167
30-11-2017,100714.1896
01-12-2017,100466.9493
02-12-2017,100429.783
03-12-2017,100429.8385
04-12-2017,100430.601
05-12-2017,100376.2459
06-12-2017,100366.9383
07-12-2017,100211.7699
08-12-2017,102176.1222
09-12-2017,102187.7857
10-12-2017,102185.9523
11-12-2017,102186.1034
12-12-2017,102136.2377
13-12-2017,102110.5352
14-12-2017,102055.2185
15-12-2017,102173.5723
16-12-2017,102225.1087
17-12-2017,102231.8024
18-12-2017,102232.0024
19-12-2017,102690.8634
20-12-2017,102692.8576
21-12-2017,102633.6882
22-12-2017,102635.2737
23-12-2017,102408.9395
24-12-2017,102414.4644
25-12-2017,102414.2917
26-12-2017,102414.3592
27-12-2017,102414.893
28-12-2017,102362.3878
29-12-2017,102419.0861
30-12-2017,102692.2922
31-12-2017,102654.9329
01-01-2018,102654.9329
02-01-2018,102655.1123
03-01-2018,102934.9651
04-01-2018,100525.5273
05-01-2018,100599.7456
06-01-2018,101042.2611
07-01-2018,101045.2772
08-01-2018,101045.3224
09-01-2018,101720.4915
10-01-2018,101751.2709
11-01-2018,101673.5709
12-01-2018,101703.9248
13-01-2018,101689.6649
14-01-2018,101635.0134
15-01-2018,101635.9236
16-01-2018,101575.4134
17-01-2018,101577.6876
18-01-2018,101424.6728
19-01-2018,101393.9747
20-01-2018,100581.577
21-01-2018,100616.5224
22-01-2018,100617.3898
23-01-2018,100967.7353
24-01-2018,100903.0578
25-01-2018,100860.1092
26-01-2018,100754.7196
27-01-2018,100944.9399
28-01-2018,100900.9286
29-01-2018,100900.9784
30-01-2018,100796.6175
31-01-2018,100621.7856
01-02-2018,100403.9248
02-02-2018,100555.4806
03-02-2018,100671.232
04-02-2018,100671.232
05-02-2018,100671.232
06-02-2018,100558.0637
07-02-2018,100288.8145
08-02-2018,100284.9902
09-02-2018,100178.018
10-02-2018,100165.4895
11-02-2018,100165.4895
12-02-2018,100165.8837
13-02-2018,100147.7305
14-02-2018,100165.8944
15-02-2018,100124.1494
16-02-2018,100029.8095
17-02-2018,99711.27909
18-02-2018,99537.56464
19-02-2018,99537.56464
20-02-2018,99539.21796
21-02-2018,99785.99749
22-02-2018,100262.4849
23-02-2018,100299.2187
24-02-2018,100342.262
25-02-2018,100504.2278
26-02-2018,100504.6028
27-02-2018,100418.4499
28-02-2018,100347.5093
01-03-2018,100326.7571
02-03-2018,100445.4413
03-03-2018,100171.6168
04-03-2018,99847.24385
05-03-2018,99847.64823
06-03-2018,99888.12689
07-03-2018,99769.4544
08-03-2018,99743.50063
09-03-2018,99804.80906
10-03-2018,99885.39652
11-03-2018,99885.29194
12-03-2018,99885.8144
13-03-2018,99850.98666
14-03-2018,99849.59904
15-03-2018,99895.767
16-03-2018,99861.32033
17-03-2018,99662.06934
18-03-2018,99662.06934
19-03-2018,99662.19434
20-03-2018,99754.27457
21-03-2018,99822.13327
22-03-2018,99871.66701
23-03-2018,99979.22868
24-03-2018,99656.3903
25-03-2018,99657.10919
26-03-2018,99657.53343
27-03-2018,99595.32335
28-03-2018,99440.46864
29-03-2018,99519.79936
30-03-2018,99643.84784
31-03-2018,99643.84784
01-04-2018,99629.76736
02-04-2018,99629.76736
03-04-2018,99637.00962
04-04-2018,99745.43544
05-04-2018,100046.3746
06-04-2018,100117.0979
07-04-2018,100073.7561
08-04-2018,100126.6346
09-04-2018,100127.227
10-04-2018,100183.3276
11-04-2018,100436.9014
12-04-2018,100664.6508
13-04-2018,100740.7606
14-04-2018,100890.1874
15-04-2018,100917.8637
16-04-2018,100918.0027
17-04-2018,101061.3157
18-04-2018,101526.8658
19-04-2018,101972.4873
20-04-2018,102131.7951
21-04-2018,103094.4839
22-04-2018,103413.7185
23-04-2018,103415.2473
24-04-2018,103740.696
25-04-2018,103646.8297
26-04-2018,103875.2899
27-04-2018,104288.6102
28-04-2018,104536.8668
29-04-2018,104522.5439
30-04-2018,104522.7965
01-05-2018,104744.6284
02-05-2018,105072.5882
03-05-2018,106078.2428
04-05-2018,106768.7587
05-05-2018,108135.2672
06-05-2018,108135.2672
07-05-2018,108136.339
08-05-2018,108771.1265
09-05-2018,109591.5963
10-05-2018,110108.5348
11-05-2018,110727.9957
12-05-2018,111371.5539
13-05-2018,111371.5539
14-05-2018,111371.7539
15-05-2018,111680.8937
16-05-2018,111976.2393
17-05-2018,112335.4118
18-05-2018,112967.5283
19-05-2018,113964.3262
20-05-2018,113775.7379
21-05-2018,113777.0296
22-05-2018,113777.4225
23-05-2018,114801.1087
24-05-2018,115375.3649
25-05-2018,115587.8548
26-05-2018,116131.1854
27-05-2018,116176.6729
28-05-2018,116176.784
29-05-2018,117762.2232
30-05-2018,118388.497
31-05-2018,118410.8821
01-06-2018,118719.905
02-06-2018,118911.1854
03-06-2018,118344.4402
04-06-2018,118345.7235
05-06-2018,119936.5855
06-06-2018,121151.7762
07-06-2018,121801.2446
08-06-2018,122040.6914
09-06-2018,122751.5986
10-06-2018,122751.5986
11-06-2018,122751.7373
12-06-2018,123209.3754
13-06-2018,123512.5456
14-06-2018,123863.6015
15-06-2018,123922.0104
16-06-2018,124355.9888
17-06-2018,124355.9888
18-06-2018,124356.3221
19-06-2018,124470.1885
20-06-2018,124612.1004
21-06-2018,124554.3067
22-06-2018,124557.6506
23-06-2018,124649.2226
24-06-2018,124649.2226
25-06-2018,124650.2034
26-06-2018,125138.9212
27-06-2018,124764.5517
28-06-2018,125066.2514
29-06-2018,125150.5212
30-06-2018,124656.1988
01-07-2018,124678.0761
02-07-2018,124678.0761
03-07-2018,124678.3261
04-07-2018,124605.9816
05-07-2018,124012.7297
06-07-2018,123769.7286
07-07-2018,123876.5723
08-07-2018,123876.5723
09-07-2018,123877.3995
10-07-2018,123596.0691
11-07-2018,123379.8866
12-07-2018,122593.4469
13-07-2018,122346.7612
14-07-2018,121860.591
15-07-2018,121860.591
16-07-2018,121861.4093
17-07-2018,121620.0663
18-07-2018,121316.3975
19-07-2018,121090.4044
20-07-2018,120529.8447
21-07-2018,120199.081
22-07-2018,120199.081
23-07-2018,120199.962
24-07-2018,119710.783
25-07-2018,119265.2819
26-07-2018,119204.7386
27-07-2018,118681.2356
28-07-2018,118338.5608
29-07-2018,118338.5608
30-07-2018,118339.4613
31-07-2018,117937.6452
01-08-2018,117647.613
02-08-2018,117204.0507
03-08-2018,116793.9394
04-08-2018,116102.016
05-08-2018,116171.5661
06-08-2018,116171.5661
07-08-2018,116171.107
08-08-2018,115827.798
09-08-2018,115844.3076
10-08-2018,115613.2656
11-08-2018,115291.4447
12-08-2018,115175.0843
13-08-2018,115176.1601
14-08-2018,115070.2956
15-08-2018,115093.0188
16-08-2018,114751.6393
17-08-2018,114676.0168
18-08-2018,114742.9767
19-08-2018,114742.9767
20-08-2018,114743.4689
21-08-2018,114645.2796
22-08-2018,113641.0159
23-08-2018,113606.7373
24-08-2018,113842.356
25-08-2018,113901.9847
26-08-2018,113959.969
27-08-2018,113960.2745
28-08-2018,114520.0245
29-08-2018,114802.9145
30-08-2018,115060.4727
31-08-2018,115127.8996
01-09-2018,114788.1319
02-09-2018,115455.5253
03-09-2018,115455.5253
04-09-2018,115534.3935
05-09-2018,115266.7973
06-09-2018,115068.0943
07-09-2018,115124.8366
08-09-2018,115148.8445
09-09-2018,115147.7547
10-09-2018,115147.8701
11-09-2018,115368.4879
12-09-2018,115060.0617
13-09-2018,114897.6011
14-09-2018,114718.3108
15-09-2018,114710.8089
16-09-2018,114711.019
17-09-2018,114711.4077
18-09-2018,114507.3414
19-09-2018,114354.2645
20-09-2018,113955.6556
21-09-2018,113763.0943
22-09-2018,113645.3599
23-09-2018,113645.3599
24-09-2018,113647.0168
25-09-2018,113027.8239
26-09-2018,114561.6102
27-09-2018,114072.6327
28-09-2018,112920.2098
29-09-2018,111755.8381
30-09-2018,111755.8381
01-10-2018,111758.1326
02-10-2018,111017.9444
03-10-2018,110332.6884
04-10-2018,109194.9518
05-10-2018,108900.2962
06-10-2018,108689.1781
07-10-2018,108689.1781
08-10-2018,108689.1781
09-10-2018,108689.3046
10-10-2018,108279.6316
11-10-2018,108282.6073
12-10-2018,108183.7312
13-10-2018,107807.9005
14-10-2018,107807.9005
15-10-2018,107808.4772
16-10-2018,107638.7125
17-10-2018,107554.085
18-10-2018,107460.8922
19-10-2018,107273.8367
20-10-2018,107391.162
21-10-2018,107391.162
22-10-2018,107391.5056
23-10-2018,107243.4868
24-10-2018,106912.6037
25-10-2018,107020.846
26-10-2018,107501.568
27-10-2018,107342.9945
28-10-2018,107342.9945
29-10-2018,107343.1122
30-10-2018,107452.0063
31-10-2018,107568.7185
01-11-2018,107915.2455
02-11-2018,107808.0204
03-11-2018,107800.6162
04-11-2018,107800.6162
05-11-2018,107801.0405
06-11-2018,107702.6708
07-11-2018,108946.7119
08-11-2018,109034.1241
09-11-2018,109023.0492
10-11-2018,108934.4304
11-11-2018,108934.4304
12-11-2018,108935.8304
13-11-2018,108914.7982
14-11-2018,108895.6975
15-11-2018,108604.5819
16-11-2018,108536.0765
17-11-2018,108529.0268
18-11-2018,108529.0268
19-11-2018,108529.8479
20-11-2018,108468.7736
21-11-2018,108688.4493
22-11-2018,108669.4875
23-11-2018,108608.3365
24-11-2018,108475.073
25-11-2018,108475.073
26-11-2018,108476.873
27-11-2018,108351.8604
28-11-2018,108281.924
29-11-2018,105847.3593
30-11-2018,105215.8358
01-12-2018,104685.4449
02-12-2018,104685.4449
03-12-2018,104687.6832
04-12-2018,104231.4687
05-12-2018,103757.5251
06-12-2018,103285.056
07-12-2018,103676.895
08-12-2018,102912.9089
09-12-2018,102912.9089
10-12-2018,102913.5314
11-12-2018,102810.2863
12-12-2018,102607.7771
13-12-2018,102528.1368
14-12-2018,101665.6689
15-12-2018,101318.6242
16-12-2018,101318.6242
17-12-2018,101319.0809
18-12-2018,101270.857
19-12-2018,100823.7337
20-12-2018,99816.39675
21-12-2018,99535.95965
22-12-2018,99473.81391
23-12-2018,99474.69626
24-12-2018,99474.81992
25-12-2018,99274.18868
26-12-2018,99274.75118
27-12-2018,99274.75118
28-12-2018,98719.77606
29-12-2018,98609.9344
30-12-2018,98633.33489
31-12-2018,98633.33489
01-01-2019,99178.60851
02-01-2019,99620.16357
03-01-2019,100064.2386
04-01-2019,101005.5512
05-01-2019,100998.8489
06-01-2019,100998.8489
07-01-2019,100998.9322
08-01-2019,100476.6307
09-01-2019,100562.3416
10-01-2019,100747.9252
11-01-2019,100784.5501
12-01-2019,100806.6366
13-01-2019,100806.6366
14-01-2019,100806.853
15-01-2019,101025.0485
16-01-2019,101155.6032
17-01-2019,101831.7815
18-01-2019,101908.9029
19-01-2019,101897.6408
20-01-2019,101898.2469
21-01-2019,101898.2469
22-01-2019,101841.2994
23-01-2019,102393.0582
24-01-2019,104759.9772
25-01-2019,104864.5858
26-01-2019,104893.5124
27-01-2019,104893.5124
28-01-2019,104912.2324
29-01-2019,104946.1502
30-01-2019,104950.9923
31-01-2019,104973.3794
01-02-2019,104987.7955
02-02-2019,104802.772
03-02-2019,104802.772
04-02-2019,104803.1905
05-02-2019,104798.9277
06-02-2019,104594.6982
07-02-2019,104287.2551
08-02-2019,103527.0607
09-02-2019,103503.7998
10-02-2019,103503.7998
11-02-2019,103503.7998
12-02-2019,103417.6202
13-02-2019,103380.7932
14-02-2019,103268.4249
15-02-2019,103231.0882
16-02-2019,103120.6787
17-02-2019,103090.1377
18-02-2019,103090.1377
19-02-2019,103090.1377
20-02-2019,103085.1442
21-02-2019,103064.1905
22-02-2019,103179.9137
23-02-2019,103214.3464
24-02-2019,103255.787
25-02-2019,103255.787
26-02-2019,103111.9419
27-02-2019,103624.1668
28-02-2019,103729.1281
01-03-2019,103911.3286
02-03-2019,103958.9552
03-03-2019,103958.9552
04-03-2019,103959.1552
05-03-2019,104117.7204
06-03-2019,104116.5628
07-03-2019,104428.799
08-03-2019,104255.1658
09-03-2019,104279.7467
10-03-2019,104279.7467
11-03-2019,104279.7467
12-03-2019,104347.8515
13-03-2019,104459.1176
14-03-2019,104537.8862
15-03-2019,104695.386
16-03-2019,104772.298
17-03-2019,104772.2987
18-03-2019,104772.8654
19-03-2019,104875.0239
20-03-2019,104923.9816
21-03-2019,104988.1795
22-03-2019,105141.7345
23-03-2019,105432.7904
24-03-2019,105432.7904
25-03-2019,105433.7104
26-03-2019,105192.1372
27-03-2019,104972.9499
28-03-2019,105212.0734
29-03-2019,105165.755
30-03-2019,105158.1301
31-03-2019,105157.9005
01-04-2019,105158.9416
02-04-2019,105236.8176
03-04-2019,105030.3592
04-04-2019,105080.7747
05-04-2019,105164.3151
06-04-2019,105191.1865
07-04-2019,105191.1865
08-04-2019,105191.397
09-04-2019,105384.4704
10-04-2019,105421.9075
11-04-2019,105516.237
12-04-2019,105512.0382
13-04-2019,105498.9636
14-04-2019,105465.0374
15-04-2019,105465.5374
16-04-2019,105307.6797
17-04-2019,105016.5466
18-04-2019,105200.4108
19-04-2019,104973.8192
20-04-2019,104973.8192
21-04-2019,104916.3338
22-04-2019,104916.3338
23-04-2019,105382.0985
24-04-2019,105249.5738
25-04-2019,105272.2694
26-04-2019,105142.5957
27-04-2019,104581.2214
28-04-2019,104578.8708
29-04-2019,104578.8708
30-04-2019,104549.6458
01-05-2019,104534.1971
02-05-2019,104367.9365
03-05-2019,104221.2534
04-05-2019,103596.5079
05-05-2019,103596.5079
06-05-2019,103600.2258
07-05-2019,103817.179
08-05-2019,103866.4662
09-05-2019,104041.5843
10-05-2019,104308.8967
11-05-2019,104399.374
12-05-2019,104580.1422
13-05-2019,104580.3422
14-05-2019,104832.3662
15-05-2019,104954.7437
16-05-2019,105389.1143
17-05-2019,105731.1376
18-05-2019,105867.1571
19-05-2019,105987.8047
20-05-2019,105987.8047
21-05-2019,105987.8047
22-05-2019,106289.3999
23-05-2019,106417.7699
24-05-2019,106497.298
25-05-2019,107339.3584
26-05-2019,107339.3584
27-05-2019,107341.1529
28-05-2019,108062.9737
29-05-2019,108230.6258
30-05-2019,108734.5226
31-05-2019,109338.1993
01-06-2019,109241.5338
02-06-2019,109241.5338
03-06-2019,109241.904
04-06-2019,109591.0467
05-06-2019,110014.0409
06-06-2019,110634.7041
07-06-2019,111823.8911
08-06-2019,112226.4654
09-06-2019,112226.4654
10-06-2019,112226.8629
11-06-2019,112620.1845
12-06-2019,113113.9208
13-06-2019,113541.1124
14-06-2019,113725.4313
15-06-2019,114406.2389
16-06-2019,114406.8851
17-06-2019,114449.3214
18-06-2019,114684.1069
19-06-2019,114897.444
20-06-2019,115334.3655
21-06-2019,115644.8474
22-06-2019,115739.8084
23-06-2019,115642.0703
24-06-2019,115642.2703
25-06-2019,116120.1056
26-06-2019,116818.1425
27-06-2019,117879.7616
28-06-2019,118132.649
29-06-2019,118319.5334
30-06-2019,118335.8056
01-07-2019,118335.8056
02-07-2019,118335.9577
03-07-2019,117178.7424
04-07-2019,117456.6427
05-07-2019,117511.1271
06-07-2019,118420.2325
07-07-2019,118420.2325
08-07-2019,118433.7956
09-07-2019,118911.523
10-07-2019,119087.2279
11-07-2019,119159.0006
12-07-2019,119209.8735
13-07-2019,119234.953
14-07-2019,119315.7048
15-07-2019,119318.2048
16-07-2019,119254.9241
17-07-2019,119267.3966
18-07-2019,119425.3119
19-07-2019,119570.8606
20-07-2019,119496.2554
21-07-2019,119465.9919
22-07-2019,119466.3077
23-07-2019,119541.3899
24-07-2019,119235.5191
25-07-2019,119104.9883
26-07-2019,118976.7698
27-07-2019,118808.1779
28-07-2019,118808.1779
29-07-2019,118808.9567
30-07-2019,118886.2882
31-07-2019,118719.1264
01-08-2019,118570.2834
02-08-2019,118474.656
03-08-2019,118475.3303
04-08-2019,118475.3303
05-08-2019,118424.8682
06-08-2019,118425.0787
07-08-2019,118092.5614
08-08-2019,117757.2708
09-08-2019,117476.853
10-08-2019,117443.1064
11-08-2019,117443.1064
12-08-2019,117443.6529
13-08-2019,117227.1035
14-08-2019,116999.4409
15-08-2019,116811.0552
16-08-2019,116186.9396
17-08-2019,115988.861
18-08-2019,115988.861
19-08-2019,116005.425
20-08-2019,116041.4204
21-08-2019,116111.5317
22-08-2019,116054.269
23-08-2019,115911.821
24-08-2019,115864.6044
25-08-2019,115727.3407
26-08-2019,115728.1953
27-08-2019,115639.7698
28-08-2019,115341.2976
29-08-2019,115417.9123
30-08-2019,115392.5024
31-08-2019,114626.0208
01-09-2019,114626.0208
02-09-2019,114626.0208
03-09-2019,114626.0208
04-09-2019,114598.7356
05-09-2019,114529.72
06-09-2019,114359.3787
07-09-2019,114675.4393
08-09-2019,114638.3088
09-09-2019,114639.3777
10-09-2019,114456.8792
11-09-2019,114380.2972
12-09-2019,113821.7188
13-09-2019,113508.5293
14-09-2019,113268.8118
15-09-2019,113225.8316
16-09-2019,113231.138
17-09-2019,113164.0118
18-09-2019,112766.832
19-09-2019,112885.6832
20-09-2019,112563.8156
21-09-2019,112186.0202
22-09-2019,112186.0202
23-09-2019,112190.078
24-09-2019,111216.1266
25-09-2019,110622.1773
26-09-2019,110202.9583
27-09-2019,109884.1875
28-09-2019,109634.5453
29-09-2019,109634.5453
30-09-2019,109450.1625
01-10-2019,109174.3601
02-10-2019,108356.9831
03-10-2019,106524.0207
04-10-2019,105820.1672
05-10-2019,105712.4254
06-10-2019,105712.4254
07-10-2019,105725.4134
08-10-2019,105715.8997
09-10-2019,105010.7058
10-10-2019,104660.1577
11-10-2019,104488.8208
12-10-2019,104331.2908
13-10-2019,104356.3048
14-10-2019,104349.151
15-10-2019,104349.3924
16-10-2019,104265.8663
17-10-2019,103704.0477
18-10-2019,103534.7349
19-10-2019,103441.2141
20-10-2019,103432.466
21-10-2019,103433.3676
22-10-2019,103146.7485
23-10-2019,103005.1384
24-10-2019,102639.3153
25-10-2019,102686.6418
26-10-2019,102883.8489
27-10-2019,102906.9646
28-10-2019,103005.4054
29-10-2019,103162.8955
30-10-2019,105484.2778
31-10-2019,105478.1299
01-11-2019,105433.0487
02-11-2019,105306.8426
03-11-2019,105306.8426
04-11-2019,105306.8426
05-11-2019,105147.4114
06-11-2019,105043.8413
07-11-2019,105097.8385
08-11-2019,106806.4989
09-11-2019,106914.5312
10-11-2019,106914.5312
11-11-2019,106914.899
12-11-2019,106761.0501
13-11-2019,106657.3729
14-11-2019,106605.2455
15-11-2019,106626.1932
16-11-2019,106565.3358
17-11-2019,106586.6483
18-11-2019,106310.1298
19-11-2019,106419.5094
20-11-2019,106351.5275
21-11-2019,106213.9554
22-11-2019,106241.5279
23-11-2019,106272.0464
24-11-2019,106239.5044
25-11-2019,106232.2672
26-11-2019,105705.6823
27-11-2019,105930.5124
28-11-2019,105681.317
29-11-2019,105328.6262
30-11-2019,105099.3496
01-12-2019,105131.2673
02-12-2019,105131.4673
03-12-2019,104847.3004
04-12-2019,103837.1797
05-12-2019,103817.7506
06-12-2019,103843.9824
07-12-2019,103245.261
08-12-2019,103245.261
09-12-2019,103255.6653
10-12-2019,103222.6763
11-12-2019,103062.6556
12-12-2019,102904.2104
13-12-2019,102866.9666
14-12-2019,102704.561
15-12-2019,102699.0255
16-12-2019,102695.9755
17-12-2019,102690.1989
18-12-2019,102464.979
19-12-2019,101908.4133
20-12-2019,101853.8669
21-12-2019,101761.8584
22-12-2019,101763.2273
23-12-2019,101763.2273
24-12-2019,101424.7004
25-12-2019,101457.4831
26-12-2019,101457.4831
27-12-2019,101457.4831
28-12-2019,101127.9189
29-12-2019,101129.5489
30-12-2019,101135.6156
31-12-2019,101173.0074
01-01-2020,101441.0989
02-01-2020,101441.6283
03-01-2020,102065.793
04-01-2020,102098.5953
05-01-2020,102126.6394
06-01-2020,102066.7612
07-01-2020,101924.6544
08-01-2020,101854.9346
09-01-2020,101851.1411
10-01-2020,101904.01
11-01-2020,101894.5498
12-01-2020,101894.5498
13-01-2020,101811.4992
14-01-2020,101781.2276
15-01-2020,101860.1896
16-01-2020,101997.3167
17-01-2020,102141.9539
18-01-2020,102234.7577
19-01-2020,102234.7577
20-01-2020,102231.8922
21-01-2020,102410.4412
22-01-2020,103250.5283
23-01-2020,103366.0384
24-01-2020,103362.1834
25-01-2020,103423.4369
26-01-2020,103472.698
27-01-2020,103472.785
28-01-2020,103400.6892
29-01-2020,103648.1647
30-01-2020,103662.3267
31-01-2020,103716.9313
01-02-2020,103609.0238
02-02-2020,103609.0238
03-02-2020,103500.9088
04-02-2020,103485.1563
05-02-2020,103534.5486
06-02-2020,102761.5709
07-02-2020,102342.7577
08-02-2020,102453.5129
09-02-2020,102453.5129
10-02-2020,102467.6956
11-02-2020,102436.5769
12-02-2020,102437.7356
13-02-2020,102639.551
14-02-2020,102676.7218
15-02-2020,102535.5606
16-02-2020,102540.0291
17-02-2020,102540.0291
18-02-2020,102540.4291
19-02-2020,102546.2196
20-02-2020,102450.7976
21-02-2020,102460.6192
22-02-2020,102303.2545
23-02-2020,102303.9403
24-02-2020,102304.0653
25-02-2020,102237.405
26-02-2020,102274.6794
27-02-2020,102215.3975
28-02-2020,102340.5227
29-02-2020,102427.5404
01-03-2020,102428.2501
02-03-2020,102428.2846
03-03-2020,102306.6666
04-03-2020,102265.9072
05-03-2020,102048.7639
06-03-2020,102022.5502
07-03-2020,102101.4431
08-03-2020,102101.4431
09-03-2020,102102.5369
10-03-2020,102203.6821
11-03-2020,102287.364
12-03-2020,102206.4152
13-03-2020,102302.9779
14-03-2020,102006.7054
15-03-2020,101926.6546
16-03-2020,101910.3959
17-03-2020,101759.8648
18-03-2020,101767.3745
19-03-2020,101704.1313
20-03-2020,101775.2615
21-03-2020,101868.5308
22-03-2020,101868.5308
23-03-2020,101868.5308
24-03-2020,101190.8448
25-03-2020,100482.6114
26-03-2020,100002.3308
27-03-2020,98978.50841
28-03-2020,99097.97812
29-03-2020,99097.97812
30-03-2020,99192.06602
31-03-2020,99338.72412
01-04-2020,99206.63067
02-04-2020,98711.68575
03-04-2020,98769.62351
04-04-2020,99045.81635
05-04-2020,99045.81635
06-04-2020,99045.81635
07-04-2020,98992.83454
08-04-2020,99103.15189
09-04-2020,99112.06602
10-04-2020,99152.60081
11-04-2020,99152.60081
12-04-2020,99071.48762
13-04-2020,99071.48762
14-04-2020,99071.48762
15-04-2020,98838.7004
16-04-2020,98895.93749
17-04-2020,98733.6666
18-04-2020,98848.9916
19-04-2020,98848.9916
20-04-2020,98848.9916
21-04-2020,98843.11342
22-04-2020,98916.23104
23-04-2020,99295.51817
24-04-2020,99774.61128
25-04-2020,100063.1491
26-04-2020,100103.4062
27-04-2020,100103.5527
28-04-2020,100145.3911
29-04-2020,100274.44
30-04-2020,100479.5173
01-05-2020,100850.2709
02-05-2020,100910.9323
03-05-2020,100910.9323
04-05-2020,100912.3121
05-05-2020,101158.6067
06-05-2020,101630.191
07-05-2020,102172.2149
08-05-2020,103072.6473
09-05-2020,103250.5018
10-05-2020,103459.6683
11-05-2020,103460.7483
12-05-2020,103735.6432
13-05-2020,104088.6799
14-05-2020,105081.6029
15-05-2020,105624.5453
16-05-2020,105878.7954
17-05-2020,105878.7954
18-05-2020,105878.7954
19-05-2020,105879.7193
20-05-2020,107409.3968
21-05-2020,108206.5057
22-05-2020,108863.9052
23-05-2020,110017.1553
24-05-2020,110388.193
25-05-2020,110389.7901
26-05-2020,110335.469
27-05-2020,110464.6318
28-05-2020,111009.4318
29-05-2020,111503.2692
30-05-2020,112856.2934
31-05-2020,112966.512
01-06-2020,113154.3962
02-06-2020,113927.2383
03-06-2020,115288.2774
04-06-2020,117347.0183
05-06-2020,118344.1549
06-06-2020,119272.9034
07-06-2020,119872.9487
08-06-2020,119872.9487
09-06-2020,120332.0833
10-06-2020,121338.1209
11-06-2020,122270.5866
12-06-2020,122598.8017
13-06-2020,122629.6987
14-06-2020,122629.6987
15-06-2020,122630.3098
16-06-2020,123286.6151
17-06-2020,124526.417
18-06-2020,126140.9153
19-06-2020,126758.6577
20-06-2020,126820.8693
21-06-2020,126820.8693
22-06-2020,126821.3193
23-06-2020,127756.1187
24-06-2020,128253.9058
25-06-2020,131057.1014
26-06-2020,132036.8656
27-06-2020,132095.2926
28-06-2020,132282.1166
29-06-2020,132565.5283
30-06-2020,133183.6995
01-07-2020,133594.3511
02-07-2020,133598.2702
03-07-2020,135002.3896
04-07-2020,135127.9755
05-07-2020,135697.4648
06-07-2020,135780.4265
07-07-2020,135577.9718
08-07-2020,134957.0356
09-07-2020,134197.87
10-07-2020,133249.0301
11-07-2020,133212.5438
12-07-2020,133212.5438
13-07-2020,133212.284
14-07-2020,132777.8289
15-07-2020,132482.7499
16-07-2020,132356.4455
17-07-2020,132323.6829
18-07-2020,131672.4137
19-07-2020,131365.8459
20-07-2020,131365.8159
21-07-2020,131368.6838
22-07-2020,130924.417
23-07-2020,130360.912
24-07-2020,129478.2525
25-07-2020,129452.5371
26-07-2020,129452.5371
27-07-2020,129494.2481
28-07-2020,128790.7861
29-07-2020,127688.0832
30-07-2020,127212.8915
31-07-2020,126972.0302
01-08-2020,126460.1257
02-08-2020,126460.1257
03-08-2020,126460.1257
04-08-2020,126460.1972
05-08-2020,125774.0659
06-08-2020,124947.714
07-08-2020,124476.5147
08-08-2020,123544.5478
09-08-2020,123432.7974
10-08-2020,123157.3988
11-08-2020,122855.8065
12-08-2020,122688.9143
13-08-2020,122628.8045
14-08-2020,122508.7249
15-08-2020,122024.2728
16-08-2020,122022.0808
17-08-2020,122022.0808
18-08-2020,121759.0647
19-08-2020,121738.7276
20-08-2020,121695.6258
21-08-2020,121444.0999
22-08-2020,121946.1923
23-08-2020,121946.1923
24-08-2020,121946.4256
25-08-2020,121741.143
26-08-2020,121086.6316
27-08-2020,118444.7436
28-08-2020,117736.9939
29-08-2020,117248.8005
30-08-2020,117172.7614
31-08-2020,117165.0869
01-09-2020,116737.0168
02-09-2020,116047.5641
